project,sha,module,test_type,test,method_name,status,PR_link,notes,file_path,patch_file,test_results,jdk,build_results,Exceptions,all_round_logs,time,if_flaky
https://github.com/mybatis/mybatis-3,0ca486022cbc98bed6ae9d017919dae564986aec,.,ID,org.apache.ibatis.reflection.ReflectorTest.shouldSettersWithUnrelatedArgTypesThrowException,shouldSettersWithUnrelatedArgTypesThrowException,Accepted,https://github.com/mybatis/mybatis-3/pull/1833,,projects/0ca486022cbc98bed6ae9d017919dae564986aec/mybatis-3/src/test/java/org/apache/ibatis/reflection/ReflectorTest.java,outputs/ID_Results_GPT-4_projects_4bce7b7447705bb5cfe9008c2dca81c1be4d2767/GoodPatches/mybatis-3/0ca486022cbc98bed6ae9d017919dae564986aec/./org.apache.ibatis.reflection.ReflectorTest.shouldSettersWithUnrelatedArgTypesThrowException/1.patch,"{0: 'test_failure', 1: 'test_pass'}",8,"{0: 'BUILD SUCCESS', 1: 'BUILD SUCCESS'}",{},outputs/ID_Results_GPT-4_projects_4bce7b7447705bb5cfe9008c2dca81c1be4d2767/all_rounds/mybatis-3/0ca486022cbc98bed6ae9d017919dae564986aec/./org.apache.ibatis.reflection.ReflectorTest.shouldSettersWithUnrelatedArgTypesThrowException/1.patch,26.940870978869498,True
https://github.com/nutzam/nutz,97745dd754eb9aee59aa806d90be53aac051a3e5,.,ID,org.nutz.json.JsonTest.testDuplicateArrayList,testDuplicateArrayList,Accepted,https://github.com/nutzam/nutz/pull/1541,,projects/97745dd754eb9aee59aa806d90be53aac051a3e5/nutz/test/org/nutz/json/JsonTest.java,,"{0: 'test_failure', 1: 'compilation_error', 2: 'compilation_error', 3: 'compilation_error', 4: 'compilation_error', 5: 'compilation_error'}",8,"{0: 'BUILD SUCCESS', 1: 'BUILD FAILURE', 2: 'BUILD FAILURE', 3: 'BUILD FAILURE', 4: 'BUILD FAILURE', 5: 'BUILD FAILURE'}",{},outputs/ID_Results_GPT-4_projects_4bce7b7447705bb5cfe9008c2dca81c1be4d2767/all_rounds/nutz/97745dd754eb9aee59aa806d90be53aac051a3e5/./org.nutz.json.JsonTest.testDuplicateArrayList/5.patch,107.76802134490572,True
https://github.com/nutzam/nutz,97745dd754eb9aee59aa806d90be53aac051a3e5,.,ID,org.nutz.json.JsonTest.test_empty_obj_toJson,test_empty_obj_toJson,Accepted,https://github.com/nutzam/nutz/pull/1541,,projects/97745dd754eb9aee59aa806d90be53aac051a3e5/nutz/test/org/nutz/json/JsonTest.java,,"{0: 'test_failure', 1: 'compilation_error', 2: 'compilation_error', 3: 'compilation_error', 4: 'compilation_error', 5: 'compilation_error'}",8,"{0: 'BUILD SUCCESS', 1: 'BUILD FAILURE', 2: 'BUILD FAILURE', 3: 'BUILD FAILURE', 4: 'BUILD FAILURE', 5: 'BUILD FAILURE'}",{},outputs/ID_Results_GPT-4_projects_4bce7b7447705bb5cfe9008c2dca81c1be4d2767/all_rounds/nutz/97745dd754eb9aee59aa806d90be53aac051a3e5/./org.nutz.json.JsonTest.test_empty_obj_toJson/5.patch,96.72682043304667,True
https://github.com/nutzam/nutz,97745dd754eb9aee59aa806d90be53aac051a3e5,.,ID,org.nutz.json.JsonTest.test_enum,test_enum,Accepted,https://github.com/nutzam/nutz/pull/1541,,projects/97745dd754eb9aee59aa806d90be53aac051a3e5/nutz/test/org/nutz/json/JsonTest.java,,"{0: 'test_failure', 1: 'compilation_error', 2: 'compilation_error', 3: 'compilation_error', 4: 'compilation_error', 5: 'compilation_error'}",8,"{0: 'BUILD SUCCESS', 1: 'BUILD FAILURE', 2: 'BUILD FAILURE', 3: 'BUILD FAILURE', 4: 'BUILD FAILURE', 5: 'BUILD FAILURE'}",{},outputs/ID_Results_GPT-4_projects_4bce7b7447705bb5cfe9008c2dca81c1be4d2767/all_rounds/nutz/97745dd754eb9aee59aa806d90be53aac051a3e5/./org.nutz.json.JsonTest.test_enum/5.patch,115.05829043500125,True
https://github.com/nutzam/nutz,97745dd754eb9aee59aa806d90be53aac051a3e5,.,ID,org.nutz.json.JsonTest.test_final_field,test_final_field,Accepted,https://github.com/nutzam/nutz/pull/1541,,projects/97745dd754eb9aee59aa806d90be53aac051a3e5/nutz/test/org/nutz/json/JsonTest.java,,"{0: 'test_failure', 1: 'compilation_error', 2: 'compilation_error', 3: 'compilation_error', 4: 'compilation_error', 5: 'compilation_error'}",8,"{0: 'BUILD SUCCESS', 1: 'BUILD FAILURE', 2: 'BUILD FAILURE', 3: 'BUILD FAILURE', 4: 'BUILD FAILURE', 5: 'BUILD FAILURE'}",{},outputs/ID_Results_GPT-4_projects_4bce7b7447705bb5cfe9008c2dca81c1be4d2767/all_rounds/nutz/97745dd754eb9aee59aa806d90be53aac051a3e5/./org.nutz.json.JsonTest.test_final_field/5.patch,97.18331908108667,True
https://github.com/nutzam/nutz,97745dd754eb9aee59aa806d90be53aac051a3e5,.,ID,org.nutz.json.JsonTest.test_number_formt_tojson,test_number_formt_tojson,Accepted,https://github.com/nutzam/nutz/pull/1541,,projects/97745dd754eb9aee59aa806d90be53aac051a3e5/nutz/test/org/nutz/json/JsonTest.java,,"{0: 'test_failure', 1: 'compilation_error', 2: 'compilation_error', 3: 'compilation_error', 4: 'compilation_error', 5: 'compilation_error'}",8,"{0: 'BUILD SUCCESS', 1: 'BUILD FAILURE', 2: 'BUILD FAILURE', 3: 'BUILD FAILURE', 4: 'BUILD FAILURE', 5: 'BUILD FAILURE'}",{},outputs/ID_Results_GPT-4_projects_4bce7b7447705bb5cfe9008c2dca81c1be4d2767/all_rounds/nutz/97745dd754eb9aee59aa806d90be53aac051a3e5/./org.nutz.json.JsonTest.test_number_formt_tojson/5.patch,135.25298572704196,True
https://github.com/spring-cloud/spring-cloud-config,922590e084284fc95566f8dcb277e94733cff2ec,spring-cloud-config-monitor,ID,org.springframework.cloud.config.monitor.GiteePropertyPathNotificationExtractorTests.giteeSample,giteeSample,Accepted,https://github.com/spring-cloud/spring-cloud-config/pull/1546,,projects/922590e084284fc95566f8dcb277e94733cff2ec/spring-cloud-config/spring-cloud-config-monitor/src/test/java/org/springframework/cloud/config/monitor/GiteePropertyPathNotificationExtractorTests.java,outputs/ID_Results_GPT-4_projects_4bce7b7447705bb5cfe9008c2dca81c1be4d2767/GoodPatches/spring-cloud-config/922590e084284fc95566f8dcb277e94733cff2ec/spring-cloud-config-monitor/org.springframework.cloud.config.monitor.GiteePropertyPathNotificationExtractorTests.giteeSample/1.patch,"{0: 'test_failure', 1: 'test_pass'}",8,"{0: 'BUILD SUCCESS', 1: 'BUILD SUCCESS'}",{},outputs/ID_Results_GPT-4_projects_4bce7b7447705bb5cfe9008c2dca81c1be4d2767/all_rounds/spring-cloud-config/922590e084284fc95566f8dcb277e94733cff2ec/spring-cloud-config-monitor/org.springframework.cloud.config.monitor.GiteePropertyPathNotificationExtractorTests.giteeSample/1.patch,19.184335744008422,True
https://github.com/adobe/asset-share-commons,ee3ef7051e3ea3eb7f5d904fac177bc56623c6ed,core,ID,com.adobe.aem.commons.assetshare.content.renditions.download.impl.AssetRenditionsDownloadServletTest.doPost,doPost,Accepted,https://github.com/adobe/asset-share-commons/pull/672,issue: https://github.com/adobe/asset-share-commons/issues/673,projects/ee3ef7051e3ea3eb7f5d904fac177bc56623c6ed/asset-share-commons/core/src/test/java/com/adobe/aem/commons/assetshare/content/renditions/download/impl/AssetRenditionsDownloadServletTest.java,,"{0: 'test_failure', 1: 'compilation_error', 2: 'pom_error', 3: 'pom_error', 4: 'pom_error', 5: 'pom_error'}",11,"{0: 'BUILD SUCCESS', 1: 'BUILD FAILURE', 2: 'BUILD FAILURE', 3: 'BUILD FAILURE', 4: 'BUILD FAILURE', 5: 'BUILD FAILURE'}",{},outputs/ID_Results_GPT-4_projects_4bce7b7447705bb5cfe9008c2dca81c1be4d2767/all_rounds/asset-share-commons/ee3ef7051e3ea3eb7f5d904fac177bc56623c6ed/core/com.adobe.aem.commons.assetshare.content.renditions.download.impl.AssetRenditionsDownloadServletTest.doPost/5.patch,189.3854653709568,True
https://github.com/DataDog/jmeter-datadog-backend-listener,4b237366bf81050e56aa4d96944cffcd594593c0,.,ID,org.datadog.jmeter.plugins.DatadogBackendClientTest.testExtractLogs,testExtractLogs,Accepted,https://github.com/DataDog/jmeter-datadog-backend-listener/pull/33,,projects/4b237366bf81050e56aa4d96944cffcd594593c0/jmeter-datadog-backend-listener/src/test/java/org/datadog/jmeter/plugins/DatadogBackendClientTest.java,outputs/ID_Results_GPT-4_projects_4bce7b7447705bb5cfe9008c2dca81c1be4d2767/GoodPatches/jmeter-datadog-backend-listener/4b237366bf81050e56aa4d96944cffcd594593c0/./org.datadog.jmeter.plugins.DatadogBackendClientTest.testExtractLogs/2.patch,"{0: 'test_failure', 1: 'compilation_error', 2: 'test_pass'}",8,"{0: 'BUILD SUCCESS', 1: 'BUILD FAILURE', 2: 'BUILD SUCCESS'}",{},outputs/ID_Results_GPT-4_projects_4bce7b7447705bb5cfe9008c2dca81c1be4d2767/all_rounds/jmeter-datadog-backend-listener/4b237366bf81050e56aa4d96944cffcd594593c0/./org.datadog.jmeter.plugins.DatadogBackendClientTest.testExtractLogs/2.patch,59.39673464302905,True
https://github.com/OpenAPITools/openapi-generator,fe934dc1b40227369f226611219886760458f6d2,modules/openapi-generator,ID,org.openapitools.codegen.DefaultCodegenTest.testVarsAndRequiredVarsPresent,testVarsAndRequiredVarsPresent,Accepted,https://github.com/OpenAPITools/openapi-generator/pull/16751,https://github.com/OpenAPITools/openapi-generator/commit/494ee489ade5344b1bc7acdb545e058563f2d73f,projects/fe934dc1b40227369f226611219886760458f6d2/openapi-generator/modules/openapi-generator/src/test/java/org/openapitools/codegen/DefaultCodegenTest.java,,"{0: 'test_failure', 1: 'test_failure', 2: 'test_failure', 3: 'test_failure', 4: 'test_failure', 5: 'test_failure'}",8,"{0: 'BUILD SUCCESS', 1: 'BUILD SUCCESS', 2: 'BUILD SUCCESS', 3: 'BUILD SUCCESS', 4: 'BUILD SUCCESS', 5: 'BUILD SUCCESS'}",{},outputs/ID_Results_GPT-4_projects_4bce7b7447705bb5cfe9008c2dca81c1be4d2767/all_rounds/openapi-generator/fe934dc1b40227369f226611219886760458f6d2/modules/openapi-generator/org.openapitools.codegen.DefaultCodegenTest.testVarsAndRequiredVarsPresent/5.patch,305.82999978004955,True
https://github.com/OpenAPITools/openapi-generator,bfce822c34144500eb573ab105502c3616d79dc3,modules/openapi-generator,ID,org.openapitools.codegen.java.AbstractJavaCodegenTest.testAdditionalModelTypeAnnotationsMixed,testAdditionalModelTypeAnnotationsMixed,Accepted,https://github.com/OpenAPITools/openapi-generator/pull/10485,,projects/bfce822c34144500eb573ab105502c3616d79dc3/openapi-generator/modules/openapi-generator/src/test/java/org/openapitools/codegen/java/AbstractJavaCodegenTest.java,outputs/ID_Results_GPT-4_projects_4bce7b7447705bb5cfe9008c2dca81c1be4d2767/GoodPatches/openapi-generator/bfce822c34144500eb573ab105502c3616d79dc3/modules/openapi-generator/org.openapitools.codegen.java.AbstractJavaCodegenTest.testAdditionalModelTypeAnnotationsMixed/1.patch,"{0: 'test_failure', 1: 'test_pass'}",8,"{0: 'BUILD SUCCESS', 1: 'BUILD SUCCESS'}",{},outputs/ID_Results_GPT-4_projects_4bce7b7447705bb5cfe9008c2dca81c1be4d2767/all_rounds/openapi-generator/bfce822c34144500eb573ab105502c3616d79dc3/modules/openapi-generator/org.openapitools.codegen.java.AbstractJavaCodegenTest.testAdditionalModelTypeAnnotationsMixed/1.patch,39.421599918976426,True
https://github.com/SAP/emobility-smart-charging,53c97ae60625a3e89a130213551840e455b74ae6,.,ID,com.sap.charging.model.FuseTreeTest.testToJSON,testToJSON,Accepted,https://github.com/SAP/emobility-smart-charging/pull/42,,projects/53c97ae60625a3e89a130213551840e455b74ae6/emobility-smart-charging/src/test/java/com/sap/charging/model/FuseTreeTest.java,outputs/ID_Results_GPT-4_projects_4bce7b7447705bb5cfe9008c2dca81c1be4d2767/GoodPatches/emobility-smart-charging/53c97ae60625a3e89a130213551840e455b74ae6/./com.sap.charging.model.FuseTreeTest.testToJSON/4.patch,"{0: 'test_failure', 1: 'Stitched:compilation_error', 2: 'test_failure', 3: 'Stitched:compilation_error', 4: 'Stitched:test_pass'}",8,"{0: 'BUILD SUCCESS', 1: 'BUILD FAILURE', 2: 'BUILD SUCCESS', 3: 'BUILD FAILURE', 4: 'BUILD SUCCESS'}",{},outputs/ID_Results_GPT-4_projects_4bce7b7447705bb5cfe9008c2dca81c1be4d2767/all_rounds/emobility-smart-charging/53c97ae60625a3e89a130213551840e455b74ae6/./com.sap.charging.model.FuseTreeTest.testToJSON/4.patch,106.94894329505041,True
https://github.com/SAP/pair-distribution-app,0be329d2897f6d5fbb634e46e0ef3d283282dc93,.,ID,pair.distribution.app.helpers.DayPairsHelperTest.testGenerateNewDayPairs,testGenerateNewDayPairs,Accepted,https://github.com/SAP/pair-distribution-app/pull/7,,projects/0be329d2897f6d5fbb634e46e0ef3d283282dc93/pair-distribution-app/src/test/java/pair/distribution/app/helpers/DayPairsHelperTest.java,outputs/ID_Results_GPT-4_projects_4bce7b7447705bb5cfe9008c2dca81c1be4d2767/GoodPatches/pair-distribution-app/0be329d2897f6d5fbb634e46e0ef3d283282dc93/./pair.distribution.app.helpers.DayPairsHelperTest.testGenerateNewDayPairs/1.patch,"{0: 'test_failure', 1: 'test_pass'}",8,"{0: 'BUILD SUCCESS', 1: 'BUILD SUCCESS'}",{},outputs/ID_Results_GPT-4_projects_4bce7b7447705bb5cfe9008c2dca81c1be4d2767/all_rounds/pair-distribution-app/0be329d2897f6d5fbb634e46e0ef3d283282dc93/./pair.distribution.app.helpers.DayPairsHelperTest.testGenerateNewDayPairs/1.patch,30.528196117840707,True
https://github.com/SAP/scimono,a1a6fc3524b650e5ea191792ad0d203b3a5cb774,scimono-client,ID,com.sap.scimono.client.ResourcePageQueryTest.testCreateDefaultIdentityFilter,testCreateDefaultIdentityFilter,Accepted,https://github.com/SAP/scimono/pull/188,,projects/a1a6fc3524b650e5ea191792ad0d203b3a5cb774/scimono/scimono-client/src/test/java/com/sap/scimono/client/ResourcePageQueryTest.java,outputs/ID_Results_GPT-4_projects_4bce7b7447705bb5cfe9008c2dca81c1be4d2767/GoodPatches/scimono/a1a6fc3524b650e5ea191792ad0d203b3a5cb774/scimono-client/com.sap.scimono.client.ResourcePageQueryTest.testCreateDefaultIdentityFilter/2.patch,"{0: 'test_failure', 1: 'compilation_error', 2: 'Stitched:test_pass'}",8,"{0: 'BUILD SUCCESS', 1: 'BUILD FAILURE', 2: 'BUILD SUCCESS'}",{},outputs/ID_Results_GPT-4_projects_4bce7b7447705bb5cfe9008c2dca81c1be4d2767/all_rounds/scimono/a1a6fc3524b650e5ea191792ad0d203b3a5cb774/scimono-client/com.sap.scimono.client.ResourcePageQueryTest.testCreateDefaultIdentityFilter/2.patch,39.17738291900605,True
https://github.com/stleary/JSON-java,8353b9c3f06239c2ffe5b8a39e67ffc72893f666,.,ID,org.json.junit.JSONMLTest.testToJSONObject_reversibility,testToJSONObject_reversibility,Accepted,https://github.com/stleary/JSON-java/pull/788,,projects/8353b9c3f06239c2ffe5b8a39e67ffc72893f666/JSON-java/src/test/java/org/json/junit/JSONMLTest.java,outputs/ID_Results_GPT-4_projects_4bce7b7447705bb5cfe9008c2dca81c1be4d2767/GoodPatches/JSON-java/8353b9c3f06239c2ffe5b8a39e67ffc72893f666/./org.json.junit.JSONMLTest.testToJSONObject_reversibility/2.patch,"{0: 'test_failure', 1: 'test_failure', 2: 'test_pass'}",8,"{0: 'BUILD SUCCESS', 1: 'BUILD SUCCESS', 2: 'BUILD SUCCESS'}",{},outputs/ID_Results_GPT-4_projects_4bce7b7447705bb5cfe9008c2dca81c1be4d2767/all_rounds/JSON-java/8353b9c3f06239c2ffe5b8a39e67ffc72893f666/./org.json.junit.JSONMLTest.testToJSONObject_reversibility/2.patch,66.47446298087016,True
https://github.com/stleary/JSON-java,bc623e36d6af01b43729c94d8381642a94f95a84,.,ID,org.json.junit.JSONPointerTest.queryByEmptyKeySubObject,queryByEmptyKeySubObject,Accepted,https://github.com/stleary/JSON-java/pull/696,,projects/bc623e36d6af01b43729c94d8381642a94f95a84/JSON-java/src/test/java/org/json/junit/JSONPointerTest.java,,"{0: 'test_failure', 1: 'compilation_error', 2: 'test_failure', 3: 'test_failure', 4: 'compilation_error', 5: 'compilation_error'}",8,"{0: 'BUILD SUCCESS', 1: 'BUILD FAILURE', 2: 'BUILD SUCCESS', 3: 'BUILD SUCCESS', 4: 'BUILD FAILURE', 5: 'BUILD FAILURE'}",{},outputs/ID_Results_GPT-4_projects_4bce7b7447705bb5cfe9008c2dca81c1be4d2767/all_rounds/JSON-java/bc623e36d6af01b43729c94d8381642a94f95a84/./org.json.junit.JSONPointerTest.queryByEmptyKeySubObject/5.patch,100.50835059583187,True
https://github.com/wildfly/wildfly-core,624b3aa22e4064b42bd171e8d7753238a1d6616c,cli,ID,org.jboss.as.cli.impl.aesh.HelpSupportTestCase.testStandalone,testStandalone,Accepted,https://github.com/wildfly/wildfly-core/pull/5366,,projects/624b3aa22e4064b42bd171e8d7753238a1d6616c/wildfly-core/cli/src/test/java/org/jboss/as/cli/impl/aesh/HelpSupportTestCase.java,,"{0: 'test_failure', 1: 'test_failure', 2: 'compilation_error', 3: 'compilation_error;Stitched:compilation_error', 4: 'compilation_error;Stitched:build_failure', 5: 'compilation_error;Stitched:compilation_error'}",8,"{0: 'BUILD SUCCESS', 1: 'BUILD SUCCESS', 2: 'BUILD FAILURE', 3: 'BUILD FAILURE;Stitched:BUILD FAILURE', 4: 'BUILD FAILURE;Stitched:BUILD FAILURE', 5: 'BUILD FAILURE;Stitched:BUILD FAILURE'}",{},outputs/ID_Results_GPT-4_projects_4bce7b7447705bb5cfe9008c2dca81c1be4d2767/all_rounds/wildfly-core/624b3aa22e4064b42bd171e8d7753238a1d6616c/cli/org.jboss.as.cli.impl.aesh.HelpSupportTestCase.testStandalone/5.patch,137.21086135902442,True
https://github.com/yandex/yoctodb,36a83d1a4107a28358c97cbf6e00500c8b214024,core,ID,com.yandex.yoctodb.util.mutable.stored.V1StoredIndexTest.buildV1StoredIndex,buildV1StoredIndex,Accepted,https://github.com/yandex/yoctodb/pull/47,,projects/36a83d1a4107a28358c97cbf6e00500c8b214024/yoctodb/core/src/test/java/com/yandex/yoctodb/util/mutable/stored/V1StoredIndexTest.java,outputs/ID_Results_GPT-4_projects_4bce7b7447705bb5cfe9008c2dca81c1be4d2767/GoodPatches/yoctodb/36a83d1a4107a28358c97cbf6e00500c8b214024/core/com.yandex.yoctodb.util.mutable.stored.V1StoredIndexTest.buildV1StoredIndex/2.patch,"{0: 'test_failure', 1: 'compilation_error', 2: 'test_pass'}",8,"{0: 'BUILD SUCCESS', 1: 'BUILD FAILURE', 2: 'BUILD SUCCESS'}",{},outputs/ID_Results_GPT-4_projects_4bce7b7447705bb5cfe9008c2dca81c1be4d2767/all_rounds/yoctodb/36a83d1a4107a28358c97cbf6e00500c8b214024/core/com.yandex.yoctodb.util.mutable.stored.V1StoredIndexTest.buildV1StoredIndex/2.patch,29.735484255012125,True
https://github.com/intel/jndn-utils,b4f2fb28e48d8a4bc18410ec6c932c0c229f8884,.,ID,com.intel.jndn.utils.client.impl.DefaultSegmentedClientTest.testGetSegmentsAsync,testGetSegmentsAsync,Accepted,https://github.com/intel/jndn-utils/pull/8,,projects/b4f2fb28e48d8a4bc18410ec6c932c0c229f8884/jndn-utils/src/test/java/com/intel/jndn/utils/client/impl/DefaultSegmentedClientTest.java,outputs/ID_Results_GPT-4_projects_4bce7b7447705bb5cfe9008c2dca81c1be4d2767/GoodPatches/jndn-utils/b4f2fb28e48d8a4bc18410ec6c932c0c229f8884/./com.intel.jndn.utils.client.impl.DefaultSegmentedClientTest.testGetSegmentsAsync/3.patch,"{0: 'test_failure', 1: 'test_failure', 2: 'compilation_error', 3: 'test_pass'}",8,"{0: 'BUILD SUCCESS', 1: 'BUILD SUCCESS', 2: 'BUILD FAILURE', 3: 'BUILD SUCCESS'}",{},outputs/ID_Results_GPT-4_projects_4bce7b7447705bb5cfe9008c2dca81c1be4d2767/all_rounds/jndn-utils/b4f2fb28e48d8a4bc18410ec6c932c0c229f8884/./com.intel.jndn.utils.client.impl.DefaultSegmentedClientTest.testGetSegmentsAsync/3.patch,102.21594343497418,True
https://github.com/networknt/json-schema-validator,fdae2f85faf213562a3dee8f28b20453dc882203,.,ID,com.networknt.schema.CollectorContextTest.testCollectorContextWithKeyword,testCollectorContextWithKeyword,Accepted,https://github.com/networknt/json-schema-validator/pull/489,,projects/fdae2f85faf213562a3dee8f28b20453dc882203/json-schema-validator/src/test/java/com/networknt/schema/CollectorContextTest.java,outputs/ID_Results_GPT-4_projects_4bce7b7447705bb5cfe9008c2dca81c1be4d2767/GoodPatches/json-schema-validator/fdae2f85faf213562a3dee8f28b20453dc882203/./com.networknt.schema.CollectorContextTest.testCollectorContextWithKeyword/1.patch,"{0: 'test_failure', 1: 'test_pass'}",8,"{0: 'BUILD SUCCESS', 1: 'BUILD SUCCESS'}",{},outputs/ID_Results_GPT-4_projects_4bce7b7447705bb5cfe9008c2dca81c1be4d2767/all_rounds/json-schema-validator/fdae2f85faf213562a3dee8f28b20453dc882203/./com.networknt.schema.CollectorContextTest.testCollectorContextWithKeyword/1.patch,36.639424472115934,True
https://github.com/karatelabs/karate,14807dbf8d7c45f709299574222dd498b1fa5e67,karate-core,ID,com.intuit.karate.JsonUtilsTest.testBeanConversion,testBeanConversion,Accepted,https://github.com/karatelabs/karate/pull/1829,,projects/14807dbf8d7c45f709299574222dd498b1fa5e67/karate/karate-core/src/test/java/com/intuit/karate/JsonUtilsTest.java,outputs/ID_Results_GPT-4_projects_4bce7b7447705bb5cfe9008c2dca81c1be4d2767/GoodPatches/karate/14807dbf8d7c45f709299574222dd498b1fa5e67/karate-core/com.intuit.karate.JsonUtilsTest.testBeanConversion/1.patch,"{0: 'test_failure', 1: 'test_pass'}",8,"{0: 'BUILD SUCCESS', 1: 'BUILD SUCCESS'}",{},outputs/ID_Results_GPT-4_projects_4bce7b7447705bb5cfe9008c2dca81c1be4d2767/all_rounds/karate/14807dbf8d7c45f709299574222dd498b1fa5e67/karate-core/com.intuit.karate.JsonUtilsTest.testBeanConversion/1.patch,29.329273988027126,True
https://github.com/gchq/Gaffer,ca465ec9243c7ed981528379e351bddeae8d5c83,core/common-util,ID,uk.gov.gchq.gaffer.commonutil.OneOrMoreTest.shouldAddAllItemsWithDeduplicate,shouldAddAllItemsWithDeduplicate,Accepted,https://github.com/gchq/Gaffer/pull/3033,,projects/ca465ec9243c7ed981528379e351bddeae8d5c83/Gaffer/core/common-util/src/test/java/uk/gov/gchq/gaffer/commonutil/OneOrMoreTest.java,outputs/ID_Results_GPT-4_projects_4bce7b7447705bb5cfe9008c2dca81c1be4d2767/GoodPatches/Gaffer/ca465ec9243c7ed981528379e351bddeae8d5c83/core/common-util/uk.gov.gchq.gaffer.commonutil.OneOrMoreTest.shouldAddAllItemsWithDeduplicate/2.patch,"{0: 'test_failure', 1: 'compilation_error', 2: 'test_pass'}",8,"{0: 'BUILD SUCCESS', 1: 'BUILD FAILURE', 2: 'BUILD SUCCESS'}",{},outputs/ID_Results_GPT-4_projects_4bce7b7447705bb5cfe9008c2dca81c1be4d2767/all_rounds/Gaffer/ca465ec9243c7ed981528379e351bddeae8d5c83/core/common-util/uk.gov.gchq.gaffer.commonutil.OneOrMoreTest.shouldAddAllItemsWithDeduplicate/2.patch,37.57534505985677,True
https://github.com/opengoofy/hippo4j,5e285ba5b47266d7dcede64aefae00fbe0c9c4ae,hippo4j-common,ID,cn.hippo4j.common.toolkit.JSONUtilTest.assertToJSONString,assertToJSONString,Accepted,https://github.com/opengoofy/hippo4j/pull/1495,,projects/5e285ba5b47266d7dcede64aefae00fbe0c9c4ae/hippo4j/hippo4j-common/src/test/java/cn/hippo4j/common/toolkit/JSONUtilTest.java,outputs/ID_Results_GPT-4_projects_4bce7b7447705bb5cfe9008c2dca81c1be4d2767/GoodPatches/hippo4j/5e285ba5b47266d7dcede64aefae00fbe0c9c4ae/hippo4j-common/cn.hippo4j.common.toolkit.JSONUtilTest.assertToJSONString/2.patch,"{0: 'test_failure', 1: 'test_failure', 2: 'test_pass'}",8,"{0: 'BUILD SUCCESS', 1: 'BUILD SUCCESS', 2: 'BUILD SUCCESS'}",{},outputs/ID_Results_GPT-4_projects_4bce7b7447705bb5cfe9008c2dca81c1be4d2767/all_rounds/hippo4j/5e285ba5b47266d7dcede64aefae00fbe0c9c4ae/hippo4j-common/cn.hippo4j.common.toolkit.JSONUtilTest.assertToJSONString/2.patch,98.88825875590555,True
https://github.com/opengoofy/hippo4j,cf854b3cb3c47fd339421e5a46a3ae3229c53829,infra/common,ID,cn.hippo4j.common.toolkit.http.HttpUtilsTest.buildUrl,buildUrl,Accepted,https://github.com/opengoofy/hippo4j/pull/1499,https://github.com/TestingResearchIllinois/idoft/issues/797,projects/cf854b3cb3c47fd339421e5a46a3ae3229c53829/hippo4j/infra/common/src/test/java/cn/hippo4j/common/toolkit/http/HttpUtilsTest.java,outputs/ID_Results_GPT-4_projects_4bce7b7447705bb5cfe9008c2dca81c1be4d2767/GoodPatches/hippo4j/cf854b3cb3c47fd339421e5a46a3ae3229c53829/infra/common/cn.hippo4j.common.toolkit.http.HttpUtilsTest.buildUrl/1.patch,"{0: 'test_failure', 1: 'test_pass'}",8,"{0: 'BUILD SUCCESS', 1: 'BUILD SUCCESS'}",{},outputs/ID_Results_GPT-4_projects_4bce7b7447705bb5cfe9008c2dca81c1be4d2767/all_rounds/hippo4j/cf854b3cb3c47fd339421e5a46a3ae3229c53829/infra/common/cn.hippo4j.common.toolkit.http.HttpUtilsTest.buildUrl/1.patch,18.02951168990694,True
https://github.com/Adyen/adyen-java-api-library,6fb5cd049b57a22d2ec4465d204c15f1c90dd325,.,ID,com.adyen.CheckoutTest.TestAchDetailsSerialization,TestAchDetailsSerialization,Accepted,https://github.com/Adyen/adyen-java-api-library/pull/681, A previous PR (https://github.com/Adyen/adyen-java-api-library/pull/654) was opened but not accepted because of adding a library,projects/6fb5cd049b57a22d2ec4465d204c15f1c90dd325/adyen-java-api-library/src/test/java/com/adyen/CheckoutTest.java,outputs/ID_Results_GPT-4_projects_4bce7b7447705bb5cfe9008c2dca81c1be4d2767/GoodPatches/adyen-java-api-library/6fb5cd049b57a22d2ec4465d204c15f1c90dd325/./com.adyen.CheckoutTest.TestAchDetailsSerialization/2.patch,"{0: 'test_failure', 1: 'compilation_error', 2: 'test_pass'}",8,"{0: 'BUILD SUCCESS', 1: 'BUILD FAILURE', 2: 'BUILD SUCCESS'}",{},outputs/ID_Results_GPT-4_projects_4bce7b7447705bb5cfe9008c2dca81c1be4d2767/all_rounds/adyen-java-api-library/6fb5cd049b57a22d2ec4465d204c15f1c90dd325/./com.adyen.CheckoutTest.TestAchDetailsSerialization/2.patch,79.78759238193743,True
https://github.com/Ericsson/ecchronos,5d58b0e4c922822c9df3d893fff2246d5784b11f,core,ID,com.ericsson.bss.cassandra.ecchronos.core.repair.state.TestRepairStateImpl.testPartiallyRepaired,testPartiallyRepaired,Accepted,https://github.com/Ericsson/ecchronos/pull/294,,projects/5d58b0e4c922822c9df3d893fff2246d5784b11f/ecchronos/core/src/test/java/com/ericsson/bss/cassandra/ecchronos/core/repair/state/TestRepairStateImpl.java,,"{0: 'test_failure', 1: 'test_failure', 2: 'compilation_error', 3: 'compilation_error', 4: 'compilation_error', 5: 'compilation_error'}",8,"{0: 'BUILD SUCCESS', 1: 'BUILD SUCCESS', 2: 'BUILD FAILURE', 3: 'BUILD FAILURE', 4: 'BUILD FAILURE', 5: 'BUILD FAILURE'}",{},outputs/ID_Results_GPT-4_projects_4bce7b7447705bb5cfe9008c2dca81c1be4d2767/all_rounds/ecchronos/5d58b0e4c922822c9df3d893fff2246d5784b11f/core/com.ericsson.bss.cassandra.ecchronos.core.repair.state.TestRepairStateImpl.testPartiallyRepaired/5.patch,183.3200162081048,True
https://github.com/CloudSlang/cloud-slang,76b733019b362f551481f1bdc78ed2eac73b1bd4,cloudslang-runtime,ID,io.cloudslang.lang.runtime.bindings.scripts.ScriptExecutorTest.testExternalPythonValid,testExternalPythonValid,Accepted,https://github.com/CloudSlang/cloud-slang/pull/1382,,projects/76b733019b362f551481f1bdc78ed2eac73b1bd4/cloud-slang/cloudslang-runtime/src/test/java/io/cloudslang/lang/runtime/bindings/scripts/ScriptExecutorTest.java,outputs/ID_Results_GPT-4_projects_4bce7b7447705bb5cfe9008c2dca81c1be4d2767/GoodPatches/cloud-slang/76b733019b362f551481f1bdc78ed2eac73b1bd4/cloudslang-runtime/io.cloudslang.lang.runtime.bindings.scripts.ScriptExecutorTest.testExternalPythonValid/1.patch,"{0: 'test_failure', 1: 'test_pass'}",8,"{0: 'BUILD SUCCESS', 1: 'BUILD SUCCESS'}",{},outputs/ID_Results_GPT-4_projects_4bce7b7447705bb5cfe9008c2dca81c1be4d2767/all_rounds/cloud-slang/76b733019b362f551481f1bdc78ed2eac73b1bd4/cloudslang-runtime/io.cloudslang.lang.runtime.bindings.scripts.ScriptExecutorTest.testExternalPythonValid/1.patch,25.317356148036197,True
https://github.com/oracle/weblogic-monitoring-exporter,173e1855fb0be4de3849d5fcd431de5c1b741b15,wls-exporter-core,ID,com.oracle.wls.exporter.domain.ExporterConfigTest.whenYamlContainsMergeableQueries_MergeThem,whenYamlContainsMergeableQueries_MergeThem,Accepted,https://github.com/oracle/weblogic-monitoring-exporter/pull/173,,projects/173e1855fb0be4de3849d5fcd431de5c1b741b15/weblogic-monitoring-exporter/wls-exporter-core/src/test/java/com/oracle/wls/exporter/domain/ExporterConfigTest.java,,"{0: 'test_failure', 1: 'Stitched:compilation_error', 2: 'compilation_error', 3: 'Stitched:compilation_error', 4: 'compilation_error', 5: 'Stitched:compilation_error'}",8,"{0: 'BUILD SUCCESS', 1: 'BUILD FAILURE', 2: 'BUILD FAILURE', 3: 'BUILD FAILURE', 4: 'BUILD FAILURE', 5: 'BUILD FAILURE'}",{},outputs/ID_Results_GPT-4_projects_4bce7b7447705bb5cfe9008c2dca81c1be4d2767/all_rounds/weblogic-monitoring-exporter/173e1855fb0be4de3849d5fcd431de5c1b741b15/wls-exporter-core/com.oracle.wls.exporter.domain.ExporterConfigTest.whenYamlContainsMergeableQueries_MergeThem/5.patch,91.4416397921741,True
https://github.com/eclipse-ee4j/tyrus,d86e0cb0a4f26ba89daf8668137c156e57fea565,tests/e2e/non-deployable,ID,org.glassfish.tyrus.test.e2e.non_deployable.MaxMessageSizeDeploymentTest.clientMaxMessageSizeTooLargeTest,clientMaxMessageSizeTooLargeTest,Accepted,https://github.com/eclipse-ee4j/tyrus/pull/736,,projects/d86e0cb0a4f26ba89daf8668137c156e57fea565/tyrus/tests/e2e/non-deployable/src/test/java/org/glassfish/tyrus/test/e2e/non_deployable/MaxMessageSizeDeploymentTest.java,,"{0: 'test_failure', 1: 'test_failure', 2: 'test_failure', 3: 'test_failure', 4: 'test_failure', 5: 'Stitched:test_failure'}",8,"{0: 'BUILD SUCCESS', 1: 'BUILD SUCCESS', 2: 'BUILD SUCCESS', 3: 'BUILD SUCCESS', 4: 'BUILD SUCCESS', 5: 'BUILD SUCCESS'}",{},outputs/ID_Results_GPT-4_projects_4bce7b7447705bb5cfe9008c2dca81c1be4d2767/all_rounds/tyrus/d86e0cb0a4f26ba89daf8668137c156e57fea565/tests/e2e/non-deployable/org.glassfish.tyrus.test.e2e.non_deployable.MaxMessageSizeDeploymentTest.clientMaxMessageSizeTooLargeTest/5.patch,176.86881050700322,True
https://github.com/biojava/biojava,65ad15fe58dcedd258fee1c14505e424c8536efc,biojava-structure,ID,org.biojava.nbio.structure.AtomPositionMapTest.testChains,testChains,Accepted,https://github.com/biojava/biojava/pull/897,,projects/65ad15fe58dcedd258fee1c14505e424c8536efc/biojava/biojava-structure/src/test/java/org/biojava/nbio/structure/AtomPositionMapTest.java,,"{0: 'test_failure', 1: 'compilation_error', 2: 'compilation_error', 3: 'test_failure', 4: 'compilation_error', 5: 'test_failure'}",8,"{0: 'BUILD SUCCESS', 1: 'BUILD FAILURE', 2: 'BUILD FAILURE', 3: 'BUILD SUCCESS', 4: 'BUILD FAILURE', 5: 'BUILD SUCCESS'}",{},outputs/ID_Results_GPT-4_projects_4bce7b7447705bb5cfe9008c2dca81c1be4d2767/all_rounds/biojava/65ad15fe58dcedd258fee1c14505e424c8536efc/biojava-structure/org.biojava.nbio.structure.AtomPositionMapTest.testChains/5.patch,211.95509711001068,True
https://github.com/HubSpot/jinjava,b428343af85e613805674cd44dad416dfddde09c,.,ID,com.hubspot.jinjava.lib.filter.ListFilterTest.itConvertsSetsToLists,itConvertsSetsToLists,Accepted,https://github.com/HubSpot/jinjava/pull/827,,projects/b428343af85e613805674cd44dad416dfddde09c/jinjava/src/test/java/com/hubspot/jinjava/lib/filter/ListFilterTest.java,outputs/ID_Results_GPT-4_projects_4bce7b7447705bb5cfe9008c2dca81c1be4d2767/GoodPatches/jinjava/b428343af85e613805674cd44dad416dfddde09c/./com.hubspot.jinjava.lib.filter.ListFilterTest.itConvertsSetsToLists/2.patch,"{0: 'test_failure', 1: 'test_failure', 2: 'test_pass'}",8,"{0: 'BUILD SUCCESS', 1: 'BUILD SUCCESS', 2: 'BUILD SUCCESS'}",{},outputs/ID_Results_GPT-4_projects_4bce7b7447705bb5cfe9008c2dca81c1be4d2767/all_rounds/jinjava/b428343af85e613805674cd44dad416dfddde09c/./com.hubspot.jinjava.lib.filter.ListFilterTest.itConvertsSetsToLists/2.patch,40.028517754981294,True
https://github.com/dromara/hutool,ec14f8384ad384fb6e054df722fe089d64af0c41,hutool-core,ID,cn.hutool.core.annotation.AnnotationUtilTest.getAnnotationSyncAlias,getAnnotationSyncAlias,Accepted,https://github.com/dromara/hutool/pull/3368,,projects/ec14f8384ad384fb6e054df722fe089d64af0c41/hutool/hutool-core/src/test/java/cn/hutool/core/annotation/AnnotationUtilTest.java,,"{0: 'test_failure', 1: 'test_failure', 2: 'compilation_error', 3: 'compilation_error', 4: 'compilation_error', 5: 'compilation_error'}",8,"{0: 'BUILD SUCCESS', 1: 'BUILD SUCCESS', 2: 'BUILD FAILURE', 3: 'BUILD FAILURE', 4: 'BUILD FAILURE', 5: 'BUILD FAILURE'}",{},outputs/ID_Results_GPT-4_projects_4bce7b7447705bb5cfe9008c2dca81c1be4d2767/all_rounds/hutool/ec14f8384ad384fb6e054df722fe089d64af0c41/hutool-core/cn.hutool.core.annotation.AnnotationUtilTest.getAnnotationSyncAlias/5.patch,123.63982010283507,True
https://github.com/dromara/hertzbeat,ce75254b8ec18422c48c40fe61354135d08b200d,collector,ID,org.dromara.hertzbeat.collector.util.CollectUtilTest.replaceSmilingPlaceholder,replaceSmilingPlaceholder,Accepted,https://github.com/dromara/hertzbeat/pull/1373,https://github.com/TestingResearchIllinois/idoft/issues/1148,projects/ce75254b8ec18422c48c40fe61354135d08b200d/hertzbeat/collector/src/test/java/org/dromara/hertzbeat/collector/util/CollectUtilTest.java,outputs/ID_Results_GPT-4_projects_4bce7b7447705bb5cfe9008c2dca81c1be4d2767/GoodPatches/hertzbeat/ce75254b8ec18422c48c40fe61354135d08b200d/collector/org.dromara.hertzbeat.collector.util.CollectUtilTest.replaceSmilingPlaceholder/2.patch,"{0: 'test_failure', 1: 'test_failure', 2: 'test_pass'}",11,"{0: 'BUILD SUCCESS', 1: 'BUILD SUCCESS', 2: 'BUILD SUCCESS'}",{},outputs/ID_Results_GPT-4_projects_4bce7b7447705bb5cfe9008c2dca81c1be4d2767/all_rounds/hertzbeat/ce75254b8ec18422c48c40fe61354135d08b200d/collector/org.dromara.hertzbeat.collector.util.CollectUtilTest.replaceSmilingPlaceholder/2.patch,80.0157026280649,True
https://github.com/moquette-io/moquette,7797062ad8957507f697acc8f1469861081ba8b5,broker,ID,io.moquette.broker.MemoryRetainedRepositoryTest.testRetainedOnTopicReturnsWildcardTopicMatch,testRetainedOnTopicReturnsWildcardTopicMatch,Accepted,https://github.com/moquette-io/moquette/pull/781,,projects/7797062ad8957507f697acc8f1469861081ba8b5/moquette/broker/src/test/java/io/moquette/broker/MemoryRetainedRepositoryTest.java,outputs/ID_Results_GPT-4_projects_4bce7b7447705bb5cfe9008c2dca81c1be4d2767/GoodPatches/moquette/7797062ad8957507f697acc8f1469861081ba8b5/broker/io.moquette.broker.MemoryRetainedRepositoryTest.testRetainedOnTopicReturnsWildcardTopicMatch/2.patch,"{0: 'test_failure', 1: 'compilation_error', 2: 'test_pass'}",8,"{0: 'BUILD SUCCESS', 1: 'BUILD FAILURE', 2: 'BUILD SUCCESS'}",{},outputs/ID_Results_GPT-4_projects_4bce7b7447705bb5cfe9008c2dca81c1be4d2767/all_rounds/moquette/7797062ad8957507f697acc8f1469861081ba8b5/broker/io.moquette.broker.MemoryRetainedRepositoryTest.testRetainedOnTopicReturnsWildcardTopicMatch/2.patch,58.82155792997219,True
https://github.com/bpsm/edn-java,4cf29ffe2d063269cb09c9bf4f6fd5c1a3cb4e1b,.,ID,us.bpsm.edn.printer.PrinterTest.testPrettyPrinting,testPrettyPrinting,Accepted,https://github.com/bpsm/edn-java/pull/68,,projects/4cf29ffe2d063269cb09c9bf4f6fd5c1a3cb4e1b/edn-java/src/test/java/us/bpsm/edn/printer/PrinterTest.java,outputs/ID_Results_GPT-4_projects_4bce7b7447705bb5cfe9008c2dca81c1be4d2767/GoodPatches/edn-java/4cf29ffe2d063269cb09c9bf4f6fd5c1a3cb4e1b/./us.bpsm.edn.printer.PrinterTest.testPrettyPrinting/1.patch,"{0: 'test_failure', 1: 'test_pass'}",8,"{0: 'BUILD SUCCESS', 1: 'BUILD SUCCESS'}",{},outputs/ID_Results_GPT-4_projects_4bce7b7447705bb5cfe9008c2dca81c1be4d2767/all_rounds/edn-java/4cf29ffe2d063269cb09c9bf4f6fd5c1a3cb4e1b/./us.bpsm.edn.printer.PrinterTest.testPrettyPrinting/1.patch,21.673733845818788,True
https://github.com/Tencent/spring-cloud-tencent,d6d663f07e0ef086a4b910e79df900a1ac8c0104,spring-cloud-tencent-starters/spring-cloud-tencent-metadata,ID,com.tencent.cloud.metadata.core.intercepter.feign.Metadata2HeaderFeignInterceptorTest.test1,test1,Accepted,https://github.com/Tencent/spring-cloud-tencent/pull/51,,projects/d6d663f07e0ef086a4b910e79df900a1ac8c0104/spring-cloud-tencent/spring-cloud-tencent-starters/spring-cloud-tencent-metadata/src/test/java/com/tencent/cloud/metadata/core/intercepter/feign/Metadata2HeaderFeignInterceptorTest.java,,"{0: 'test_failure', 1: 'test_failure', 2: 'test_failure', 3: 'compilation_error', 4: 'test_failure', 5: 'test_failure'}",8,"{0: 'BUILD SUCCESS', 1: 'BUILD SUCCESS', 2: 'BUILD SUCCESS', 3: 'BUILD FAILURE', 4: 'BUILD SUCCESS', 5: 'BUILD SUCCESS'}",{},outputs/ID_Results_GPT-4_projects_4bce7b7447705bb5cfe9008c2dca81c1be4d2767/all_rounds/spring-cloud-tencent/d6d663f07e0ef086a4b910e79df900a1ac8c0104/spring-cloud-tencent-starters/spring-cloud-tencent-metadata/com.tencent.cloud.metadata.core.intercepter.feign.Metadata2HeaderFeignInterceptorTest.test1/5.patch,232.21585753699765,True
https://github.com/jmeter-maven-plugin/jmeter-maven-plugin,618363c461843ec2849cdc15d53ee85bdbaec3f2,.,ID,com.lazerycode.jmeter.json.TestConfigTest.createConfigFromResourceFile,createConfigFromResourceFile,Accepted,https://github.com/jmeter-maven-plugin/jmeter-maven-plugin/pull/408,,projects/618363c461843ec2849cdc15d53ee85bdbaec3f2/jmeter-maven-plugin/src/test/java/com/lazerycode/jmeter/json/TestConfigTest.java,outputs/ID_Results_GPT-4_projects_4bce7b7447705bb5cfe9008c2dca81c1be4d2767/GoodPatches/jmeter-maven-plugin/618363c461843ec2849cdc15d53ee85bdbaec3f2/./com.lazerycode.jmeter.json.TestConfigTest.createConfigFromResourceFile/2.patch,"{0: 'test_failure', 1: 'compilation_error', 2: 'test_pass'}",8,"{0: 'BUILD SUCCESS', 1: 'BUILD FAILURE', 2: 'BUILD SUCCESS'}",{},outputs/ID_Results_GPT-4_projects_4bce7b7447705bb5cfe9008c2dca81c1be4d2767/all_rounds/jmeter-maven-plugin/618363c461843ec2849cdc15d53ee85bdbaec3f2/./com.lazerycode.jmeter.json.TestConfigTest.createConfigFromResourceFile/2.patch,52.58681514719501,True
https://github.com/SonarSource/sonar-php,df211f66a67c48184006cff90e80e8406a87f8ec,php-frontend,ID,org.sonar.php.metrics.ExecutableLineVisitorTest.test,test,Accepted,https://github.com/SonarSource/sonar-php/pull/785,,projects/df211f66a67c48184006cff90e80e8406a87f8ec/sonar-php/php-frontend/src/test/java/org/sonar/php/metrics/ExecutableLineVisitorTest.java,outputs/ID_Results_GPT-4_projects_4bce7b7447705bb5cfe9008c2dca81c1be4d2767/GoodPatches/sonar-php/df211f66a67c48184006cff90e80e8406a87f8ec/php-frontend/org.sonar.php.metrics.ExecutableLineVisitorTest.test/2.patch,"{0: 'test_failure', 1: 'compilation_error', 2: 'test_pass'}",8,"{0: 'BUILD SUCCESS', 1: 'BUILD FAILURE', 2: 'BUILD SUCCESS'}",{},outputs/ID_Results_GPT-4_projects_4bce7b7447705bb5cfe9008c2dca81c1be4d2767/all_rounds/sonar-php/df211f66a67c48184006cff90e80e8406a87f8ec/php-frontend/org.sonar.php.metrics.ExecutableLineVisitorTest.test/2.patch,30.253740807063878,True
https://github.com/fhoeben/hsac-fitnesse-fixtures,a64c18d9c4bac8271275c7b089d40be20f0604b5,.,ID,nl.hsac.fitnesse.fixture.slim.JsonHttpTestTest.testDeleteValuesAsJson,testDeleteValuesAsJson,Accepted,https://github.com/fhoeben/hsac-fitnesse-fixtures/pull/360,,projects/a64c18d9c4bac8271275c7b089d40be20f0604b5/hsac-fitnesse-fixtures/src/test/java/nl/hsac/fitnesse/fixture/slim/JsonHttpTestTest.java,,"{0: 'test_failure', 1: 'test_failure', 2: 'pom_error', 3: 'pom_error', 4: 'pom_error', 5: 'pom_error'}",11,"{0: 'BUILD SUCCESS', 1: 'BUILD SUCCESS', 2: 'BUILD FAILURE', 3: 'BUILD FAILURE', 4: 'BUILD FAILURE', 5: 'BUILD FAILURE'}",{},outputs/ID_Results_GPT-4_projects_4bce7b7447705bb5cfe9008c2dca81c1be4d2767/all_rounds/hsac-fitnesse-fixtures/a64c18d9c4bac8271275c7b089d40be20f0604b5/./nl.hsac.fitnesse.fixture.slim.JsonHttpTestTest.testDeleteValuesAsJson/5.patch,86.52364041493274,True
https://github.com/braintree/braintree_java,4471cdb6bd5fed2509d4c529ae896ffbb07713ae,.,ID,com.braintreegateway.unittest.RequestBuilderTest.map,map,Accepted,https://github.com/braintree/braintree_java/pull/99,,projects/4471cdb6bd5fed2509d4c529ae896ffbb07713ae/braintree_java/src/test/java/com/braintreegateway/unittest/RequestBuilderTest.java,outputs/ID_Results_GPT-4_projects_4bce7b7447705bb5cfe9008c2dca81c1be4d2767/GoodPatches/braintree_java/4471cdb6bd5fed2509d4c529ae896ffbb07713ae/./com.braintreegateway.unittest.RequestBuilderTest.map/1.patch,"{0: 'test_failure', 1: 'test_pass'}",8,"{0: 'BUILD SUCCESS', 1: 'BUILD SUCCESS'}",{},outputs/ID_Results_GPT-4_projects_4bce7b7447705bb5cfe9008c2dca81c1be4d2767/all_rounds/braintree_java/4471cdb6bd5fed2509d4c529ae896ffbb07713ae/./com.braintreegateway.unittest.RequestBuilderTest.map/1.patch,12.854599017184228,True
https://github.com/castle/castle-java,1f42ccdbd85c095e307c8604eb7426733dbb8863,.,ID,io.castle.client.model.CastleDeviceTest.jsonSerialized,jsonSerialized,Accepted,https://github.com/castle/castle-java/pull/107,,projects/1f42ccdbd85c095e307c8604eb7426733dbb8863/castle-java/src/test/java/io/castle/client/model/CastleDeviceTest.java,outputs/ID_Results_GPT-4_projects_4bce7b7447705bb5cfe9008c2dca81c1be4d2767/GoodPatches/castle-java/1f42ccdbd85c095e307c8604eb7426733dbb8863/./io.castle.client.model.CastleDeviceTest.jsonSerialized/1.patch,"{0: 'test_failure', 1: 'test_pass'}",8,"{0: 'BUILD SUCCESS', 1: 'BUILD SUCCESS'}",{},outputs/ID_Results_GPT-4_projects_4bce7b7447705bb5cfe9008c2dca81c1be4d2767/all_rounds/castle-java/1f42ccdbd85c095e307c8604eb7426733dbb8863/./io.castle.client.model.CastleDeviceTest.jsonSerialized/1.patch,26.814603853039443,True
https://github.com/snowflakedb/snowflake-jdbc,c4b5f224b9b5b9a691e6f90e9044e7d93d89a264,.,ID,net.snowflake.client.jdbc.cloud.storage.SnowflakeAzureClientTest.testFormatStorageExtendedErrorInformation,testFormatStorageExtendedErrorInformation,Accepted,https://github.com/snowflakedb/snowflake-jdbc/pull/1164,,projects/c4b5f224b9b5b9a691e6f90e9044e7d93d89a264/snowflake-jdbc/src/test/java/net/snowflake/client/jdbc/cloud/storage/SnowflakeAzureClientTest.java,outputs/ID_Results_GPT-4_projects_4bce7b7447705bb5cfe9008c2dca81c1be4d2767/GoodPatches/snowflake-jdbc/c4b5f224b9b5b9a691e6f90e9044e7d93d89a264/./net.snowflake.client.jdbc.cloud.storage.SnowflakeAzureClientTest.testFormatStorageExtendedErrorInformation/1.patch,"{0: 'test_failure', 1: 'test_pass'}",8,"{0: 'BUILD SUCCESS', 1: 'BUILD SUCCESS'}",{},outputs/ID_Results_GPT-4_projects_4bce7b7447705bb5cfe9008c2dca81c1be4d2767/all_rounds/snowflake-jdbc/c4b5f224b9b5b9a691e6f90e9044e7d93d89a264/./net.snowflake.client.jdbc.cloud.storage.SnowflakeAzureClientTest.testFormatStorageExtendedErrorInformation/1.patch,24.076566606061533,True
https://github.com/looly/hutool,c1642522bbf5adc70fb57517e46d5a921d9a5703,hutool-core,ID,cn.hutool.core.util.EnumUtilTest.getFieldNamesTest,getFieldNamesTest,Accepted,https://github.com/looly/hutool/pull/1270,,projects/c1642522bbf5adc70fb57517e46d5a921d9a5703/hutool/hutool-core/src/test/java/cn/hutool/core/util/EnumUtilTest.java,,"{0: 'test_failure', 1: 'compilation_error', 2: 'compilation_error', 3: 'compilation_error', 4: 'compilation_error', 5: 'compilation_error'}",8,"{0: 'BUILD SUCCESS', 1: 'BUILD FAILURE', 2: 'BUILD FAILURE', 3: 'BUILD FAILURE', 4: 'BUILD FAILURE', 5: 'BUILD FAILURE'}",{},outputs/ID_Results_GPT-4_projects_4bce7b7447705bb5cfe9008c2dca81c1be4d2767/all_rounds/hutool/c1642522bbf5adc70fb57517e46d5a921d9a5703/hutool-core/cn.hutool.core.util.EnumUtilTest.getFieldNamesTest/5.patch,66.84095032094046,True
https://github.com/OpenGamma/Strata,b998b2bc5183e67f267d1f573939a42fa9ee4bf3,modules/data,ID,com.opengamma.strata.data.MarketDataTest.test_combinedWith_noClashSame,test_combinedWith_noClashSame,Accepted,https://github.com/OpenGamma/Strata/pull/2337,,projects/b998b2bc5183e67f267d1f573939a42fa9ee4bf3/Strata/modules/data/src/test/java/com/opengamma/strata/data/MarketDataTest.java,outputs/ID_Results_GPT-4_projects_4bce7b7447705bb5cfe9008c2dca81c1be4d2767/GoodPatches/Strata/b998b2bc5183e67f267d1f573939a42fa9ee4bf3/modules/data/com.opengamma.strata.data.MarketDataTest.test_combinedWith_noClashSame/1.patch,"{0: 'test_failure', 1: 'test_pass'}",8,"{0: 'BUILD SUCCESS', 1: 'BUILD SUCCESS'}",{},outputs/ID_Results_GPT-4_projects_4bce7b7447705bb5cfe9008c2dca81c1be4d2767/all_rounds/Strata/b998b2bc5183e67f267d1f573939a42fa9ee4bf3/modules/data/com.opengamma.strata.data.MarketDataTest.test_combinedWith_noClashSame/1.patch,35.50280768889934,True
