project_name,full_test_name,source_file,augmented_source_marker,isCorrect,incorrect_type,is_mutation,mutation_iteration,model_predicted_prob,model_predicted_label_thresh0.5,rerun_consistency,prediction_time_secs,rerun_time_consume
jetcache,com.alicp.jetcache.anno.support.ConfigProvider_CacheMessagePublisher_Test.test.test,flaky_doctor_131_gpt_fixed_checked_labeled_time.csv,flakydoctor_original,1,NaN,False,NaN,0.990789,1,1.000000,0.027678,31.022462
fastjson,com.alibaba.json.bvt.guava.ArrayListMultimapTest.test_for_multimap.test_for_multimap,flaky_doctor_131_gpt_fixed_checked_labeled_time.csv,flakydoctor_original,1,NaN,False,NaN,0.955457,1,1.000000,0.021685,25.484430
fastjson,com.alibaba.json.bvt.issue_1100.Issue1177_2.test_for_issue.test_for_issue,flaky_doctor_131_gpt_fixed_checked_labeled_time.csv,flakydoctor_original,1,NaN,False,NaN,0.992623,1,1.000000,0.024847,85.871465
fastjson,com.alibaba.json.bvt.issue_1400.Issue1480.test_for_issue.test_for_issue,flaky_doctor_131_gpt_fixed_checked_labeled_time.csv,flakydoctor_original,1,NaN,False,NaN,0.991799,1,1.000000,0.025812,72.158875
fastjson,com.alibaba.json.bvt.issue_1500.Issue1584.test_for_issue.test_for_issue,flaky_doctor_131_gpt_fixed_checked_labeled_time.csv,flakydoctor_original,1,NaN,False,NaN,0.979187,1,1.000000,0.030088,101.441165
fastjson,com.alibaba.json.bvt.writeClassName.WriteDuplicateType.test_dupType2.test_dupType2,flaky_doctor_131_gpt_fixed_checked_labeled_time.csv,flakydoctor_original,1,NaN,False,NaN,0.969652,1,1.000000,0.029495,24.940780
incubator-shardingsphere,org.apache.shardingsphere.shardingjdbc.jdbc.core.datasource.MasterSlaveDataSourceTest.assertGetDatabaseProductName.assertGetDatabaseProductName,flaky_doctor_131_gpt_fixed_checked_labeled_time.csv,flakydoctor_original,1,NaN,False,NaN,0.999185,1,1.000000,0.029323,31.804423
shenyu,org.apache.shenyu.admin.service.PermissionServiceTest.testGetPermissionMenu.testGetPermissionMenu,flaky_doctor_131_gpt_fixed_checked_labeled_time.csv,flakydoctor_original,1,NaN,False,NaN,0.999910,1,1.000000,0.029328,115.260740
apollo,com.ctrip.framework.apollo.configservice.service.ReleaseMessageServiceWithCacheTest.testWhenHasReleaseMsgAndHasRepeatMsg.testWhenHasReleaseMsgAndHasRepeatMsg,flaky_doctor_131_gpt_fixed_checked_labeled_time.csv,flakydoctor_original,1,NaN,False,NaN,0.990176,1,1.000000,0.030717,40.715794
apollo,com.ctrip.framework.apollo.internals.RemoteConfigLongPollServiceTest.testAssembleLongPollRefreshUrl.testAssembleLongPollRefreshUrl,flaky_doctor_131_gpt_fixed_checked_labeled_time.csv,flakydoctor_original,1,NaN,False,NaN,0.001552,0,1.000000,0.030829,57.607450
apollo,com.ctrip.framework.apollo.adminservice.controller.ReleaseControllerTest.testReleaseBuild.testReleaseBuild,flaky_doctor_131_gpt_fixed_checked_labeled_time.csv,flakydoctor_original,1,NaN,False,NaN,0.977540,1,1.000000,0.029816,126.396502
apollo,com.ctrip.framework.apollo.configservice.service.ReleaseMessageServiceWithCacheTest.testWhenReleaseMsgSizeBiggerThan500.testWhenReleaseMsgSizeBiggerThan500,flaky_doctor_131_gpt_fixed_checked_labeled_time.csv,flakydoctor_original,1,NaN,False,NaN,0.993647,1,1.000000,0.030868,62.094354
feign,feign.mock.RequestHeadersTest.shouldPrintHeaders.shouldPrintHeaders,flaky_doctor_131_gpt_fixed_checked_labeled_time.csv,flakydoctor_original,1,NaN,False,NaN,0.893638,1,1.000000,0.032809,17.538201
feign,feign.json.JsonEncoderTest.encodesObject.encodesObject,flaky_doctor_131_gpt_fixed_checked_labeled_time.csv,flakydoctor_original,1,NaN,False,NaN,0.999991,1,1.000000,0.032322,35.276565
vjtools,com.vip.vjtools.vjkit.mapper.JsonMapperTest.jsonp.jsonp,flaky_doctor_131_gpt_fixed_checked_labeled_time.csv,flakydoctor_original,1,NaN,False,NaN,0.999997,1,1.000000,0.031501,51.030856
spring-cloud-config,org.springframework.cloud.config.monitor.GiteePropertyPathNotificationExtractorTests.giteeSample.giteeSample,flaky_doctor_131_gpt_fixed_checked_labeled_time.csv,flakydoctor_original,1,NaN,False,NaN,0.999956,1,1.000000,0.030832,19.184336
json-schema-validator,com.networknt.schema.CollectorContextTest.testCollectorContextWithKeyword.testCollectorContextWithKeyword,flaky_doctor_131_gpt_fixed_checked_labeled_time.csv,flakydoctor_original,1,NaN,False,NaN,0.881129,1,1.000000,0.030835,36.639424
karate,com.intuit.karate.JsonUtilsTest.testBeanConversion.testBeanConversion,flaky_doctor_131_gpt_fixed_checked_labeled_time.csv,flakydoctor_original,1,NaN,False,NaN,0.001380,0,1.000000,0.030686,29.329274
jinjava,com.hubspot.jinjava.lib.filter.ListFilterTest.itConvertsSetsToLists.itConvertsSetsToLists,flaky_doctor_131_gpt_fixed_checked_labeled_time.csv,flakydoctor_original,1,NaN,False,NaN,0.999994,1,1.000000,0.031526,40.028518
hertzbeat,org.dromara.hertzbeat.collector.util.CollectUtilTest.replaceSmilingPlaceholder.replaceSmilingPlaceholder,flaky_doctor_131_gpt_fixed_checked_labeled_time.csv,flakydoctor_original,1,NaN,False,NaN,0.992875,1,1.000000,0.034305,80.015703
castle-java,io.castle.client.model.CastleDeviceTest.jsonSerialized.jsonSerialized,flaky_doctor_131_gpt_fixed_checked_labeled_time.csv,flakydoctor_original,1,NaN,False,NaN,0.999991,1,1.000000,0.035172,26.814604
Strata,com.opengamma.strata.data.MarketDataTest.test_combinedWith_noClashSame.test_combinedWith_noClashSame,flaky_doctor_131_gpt_fixed_checked_labeled_time.csv,flakydoctor_original,1,NaN,False,NaN,0.999979,1,1.000000,0.035081,35.502808
jetcache,com.alicp.jetcache.anno.support.ConfigProvider_CacheMessagePublisher_Test.test.test,flaky_doctor_131_gpt_fixed_checked_labeled_time.csv,flakydoctor_groundtruth_copy,1,NaN,False,NaN,0.997444,1,1.000000,0.035085,31.022462
fastjson,com.alibaba.json.bvt.guava.ArrayListMultimapTest.test_for_multimap.test_for_multimap,flaky_doctor_131_gpt_fixed_checked_labeled_time.csv,flakydoctor_groundtruth_copy,1,NaN,False,NaN,0.982483,1,1.000000,0.038110,25.484430
fastjson,com.alibaba.json.bvt.issue_1100.Issue1177_2.test_for_issue.test_for_issue,flaky_doctor_131_gpt_fixed_checked_labeled_time.csv,flakydoctor_groundtruth_copy,1,NaN,False,NaN,0.990367,1,1.000000,0.039529,85.871465
fastjson,com.alibaba.json.bvt.issue_1400.Issue1480.test_for_issue.test_for_issue,flaky_doctor_131_gpt_fixed_checked_labeled_time.csv,flakydoctor_groundtruth_copy,1,NaN,False,NaN,0.990833,1,1.000000,0.039821,72.158875
fastjson,com.alibaba.json.bvt.issue_1500.Issue1584.test_for_issue.test_for_issue,flaky_doctor_131_gpt_fixed_checked_labeled_time.csv,flakydoctor_groundtruth_copy,1,NaN,False,NaN,0.971631,1,1.000000,0.043102,101.441165
fastjson,com.alibaba.json.bvt.writeClassName.WriteDuplicateType.test_dupType2.test_dupType2,flaky_doctor_131_gpt_fixed_checked_labeled_time.csv,flakydoctor_groundtruth_copy,1,NaN,False,NaN,0.985081,1,1.000000,0.042571,24.940780
incubator-shardingsphere,org.apache.shardingsphere.shardingjdbc.jdbc.core.datasource.MasterSlaveDataSourceTest.assertGetDatabaseProductName.assertGetDatabaseProductName,flaky_doctor_131_gpt_fixed_checked_labeled_time.csv,flakydoctor_groundtruth_copy,1,NaN,False,NaN,0.999400,1,1.000000,0.041301,31.804423
shenyu,org.apache.shenyu.admin.service.PermissionServiceTest.testGetPermissionMenu.testGetPermissionMenu,flaky_doctor_131_gpt_fixed_checked_labeled_time.csv,flakydoctor_groundtruth_copy,1,NaN,False,NaN,0.999975,1,1.000000,0.042911,115.260740
apollo,com.ctrip.framework.apollo.configservice.service.ReleaseMessageServiceWithCacheTest.testWhenHasReleaseMsgAndHasRepeatMsg.testWhenHasReleaseMsgAndHasRepeatMsg,flaky_doctor_131_gpt_fixed_checked_labeled_time.csv,flakydoctor_groundtruth_copy,1,NaN,False,NaN,0.990367,1,1.000000,0.044198,40.715794
apollo,com.ctrip.framework.apollo.internals.RemoteConfigLongPollServiceTest.testAssembleLongPollRefreshUrl.testAssembleLongPollRefreshUrl,flaky_doctor_131_gpt_fixed_checked_labeled_time.csv,flakydoctor_groundtruth_copy,1,NaN,False,NaN,0.986819,1,1.000000,0.043020,57.607450
apollo,com.ctrip.framework.apollo.adminservice.controller.ReleaseControllerTest.testReleaseBuild.testReleaseBuild,flaky_doctor_131_gpt_fixed_checked_labeled_time.csv,flakydoctor_groundtruth_copy,1,NaN,False,NaN,0.986503,1,1.000000,0.041182,126.396502
apollo,com.ctrip.framework.apollo.configservice.service.ReleaseMessageServiceWithCacheTest.testWhenReleaseMsgSizeBiggerThan500.testWhenReleaseMsgSizeBiggerThan500,flaky_doctor_131_gpt_fixed_checked_labeled_time.csv,flakydoctor_groundtruth_copy,1,NaN,False,NaN,0.989118,1,1.000000,0.043656,62.094354
feign,feign.mock.RequestHeadersTest.shouldPrintHeaders.shouldPrintHeaders,flaky_doctor_131_gpt_fixed_checked_labeled_time.csv,flakydoctor_groundtruth_copy,1,NaN,False,NaN,0.948208,1,1.000000,0.043720,17.538201
feign,feign.json.JsonEncoderTest.encodesObject.encodesObject,flaky_doctor_131_gpt_fixed_checked_labeled_time.csv,flakydoctor_groundtruth_copy,1,NaN,False,NaN,0.990459,1,1.000000,0.041768,35.276565
vjtools,com.vip.vjtools.vjkit.mapper.JsonMapperTest.jsonp.jsonp,flaky_doctor_131_gpt_fixed_checked_labeled_time.csv,flakydoctor_groundtruth_copy,1,NaN,False,NaN,0.999997,1,1.000000,0.039949,51.030856
spring-cloud-config,org.springframework.cloud.config.monitor.GiteePropertyPathNotificationExtractorTests.giteeSample.giteeSample,flaky_doctor_131_gpt_fixed_checked_labeled_time.csv,flakydoctor_groundtruth_copy,1,NaN,False,NaN,0.999995,1,1.000000,0.039557,19.184336
json-schema-validator,com.networknt.schema.CollectorContextTest.testCollectorContextWithKeyword.testCollectorContextWithKeyword,flaky_doctor_131_gpt_fixed_checked_labeled_time.csv,flakydoctor_groundtruth_copy,1,NaN,False,NaN,0.999994,1,1.000000,0.039649,36.639424
karate,com.intuit.karate.JsonUtilsTest.testBeanConversion.testBeanConversion,flaky_doctor_131_gpt_fixed_checked_labeled_time.csv,flakydoctor_groundtruth_copy,1,NaN,False,NaN,0.996983,1,1.000000,0.040443,29.329274
jinjava,com.hubspot.jinjava.lib.filter.ListFilterTest.itConvertsSetsToLists.itConvertsSetsToLists,flaky_doctor_131_gpt_fixed_checked_labeled_time.csv,flakydoctor_groundtruth_copy,1,NaN,False,NaN,0.999996,1,1.000000,0.039961,40.028518
hertzbeat,org.dromara.hertzbeat.collector.util.CollectUtilTest.replaceSmilingPlaceholder.replaceSmilingPlaceholder,flaky_doctor_131_gpt_fixed_checked_labeled_time.csv,flakydoctor_groundtruth_copy,1,NaN,False,NaN,0.994228,1,1.000000,0.038813,80.015703
castle-java,io.castle.client.model.CastleDeviceTest.jsonSerialized.jsonSerialized,flaky_doctor_131_gpt_fixed_checked_labeled_time.csv,flakydoctor_groundtruth_copy,1,NaN,False,NaN,0.999992,1,1.000000,0.039626,26.814604
Strata,com.opengamma.strata.data.MarketDataTest.test_combinedWith_noClashSame.test_combinedWith_noClashSame,flaky_doctor_131_gpt_fixed_checked_labeled_time.csv,flakydoctor_groundtruth_copy,1,NaN,False,NaN,0.999983,1,1.000000,0.039617,35.502808
fastjson,com.alibaba.json.bvt.issue_1500.Issue1584.test_for_issue,flaky_doctor_126_magicoder_with_time.csv,flakydoctor_original,0,3.000000,False,NaN,0.024643,0,0.000000,0.040848,327.012596
apollo,com.ctrip.framework.apollo.configservice.service.ReleaseMessageServiceWithCacheTest.testWhenHasReleaseMsgAndHasRepeatMsg,flaky_doctor_126_magicoder_with_time.csv,flakydoctor_original,0,1.000000,False,NaN,0.045222,0,0.000000,0.041347,163.914249
apollo,com.ctrip.framework.apollo.internals.RemoteConfigLongPollServiceTest.testAssembleLongPollRefreshUrlWithMultipleNamespaces,flaky_doctor_126_magicoder_with_time.csv,flakydoctor_original,0,3.000000,False,NaN,0.022105,0,0.000000,0.041346,161.433530
feign,feign.mock.RequestHeadersTest.shouldPrintHeaders,flaky_doctor_126_magicoder_with_time.csv,flakydoctor_original,0,3.000000,False,NaN,0.999985,1,0.000000,0.040784,87.372173
vjtools,com.vip.vjtools.vjkit.mapper.JsonMapperTest.toJson,flaky_doctor_126_magicoder_with_time.csv,flakydoctor_original,0,3.000000,False,NaN,0.997103,1,0.000000,0.040462,198.170352
fastjson,com.alibaba.json.bvt.path.JSONPath_reverse_test.test_reserve3,flaky_doctor_126_magicoder_with_time.csv,flakydoctor_original,0,1.000000,False,NaN,0.038171,0,0.000000,0.043982,274.609945
fastjson,com.alibaba.json.bvt.support.spring.mock.testcase.FastJsonpHttpMessageConverter4Case1Test.test2_2,flaky_doctor_126_magicoder_with_time.csv,flakydoctor_original,0,1.000000,False,NaN,0.990966,1,0.000000,0.042328,393.413880
avro,org.apache.avro.reflect.TestReflect.testAvroDoc,flaky_doctor_126_magicoder_with_time.csv,flakydoctor_original,0,1.000000,False,NaN,0.000211,0,0.000000,0.040718,133.210809
shenyu,org.apache.shenyu.admin.service.register.ShenyuClientRegisterDivideServiceImplTest.testBuildHandle,flaky_doctor_126_magicoder_with_time.csv,flakydoctor_original,0,1.000000,False,NaN,0.984015,1,0.000000,0.040010,352.289182
seatunnel,org.apache.seatunnel.api.configuration.util.OptionUtilTest.test,flaky_doctor_126_magicoder_with_time.csv,flakydoctor_original,0,1.000000,False,NaN,0.987275,1,0.000000,0.042206,270.621227
botbuilder-java,com.microsoft.bot.restclient.AdditionalPropertiesSerializerTests.canSerializeAdditionalProperties,flaky_doctor_126_magicoder_with_time.csv,flakydoctor_original,0,3.000000,False,NaN,0.000843,0,0.000000,0.041819,373.075791
apollo,com.ctrip.framework.apollo.internals.RemoteConfigLongPollServiceTest.testAssembleLongPollRefreshUrl,flaky_doctor_126_magicoder_with_time.csv,flakydoctor_original,0,2.000000,False,NaN,0.857749,1,1.000000,0.040471,127.879131
vjtools,com.vip.vjtools.vjkit.mapper.JsonMapperTest.jsonp,flaky_doctor_126_magicoder_with_time.csv,flakydoctor_original,0,1.000000,False,NaN,0.174295,0,1.000000,0.039707,59.392783
jinjava,com.hubspot.jinjava.lib.filter.ListFilterTest.itConvertsSetsToLists,flaky_doctor_126_magicoder_with_time.csv,flakydoctor_original,0,2.000000,False,NaN,0.999971,1,1.000000,0.038659,203.033553
crane4j,cn.crane4j.core.support.SimpleCrane4jGlobalConfigurationTest.operatePropertyMappingStrategy,flaky_doctor_126_magicoder_with_time.csv,flakydoctor_original,1,NaN,False,NaN,0.409171,0,1.000000,0.036746,91.758742
fastjson,com.alibaba.json.bvt.issue_1500.Issue1584.test_for_issue,flaky_doctor_126_magicoder_with_time.csv,flakydoctor_groundtruth_copy,1,3.000000,False,NaN,0.971631,1,1.000000,0.038281,327.012596
apollo,com.ctrip.framework.apollo.configservice.service.ReleaseMessageServiceWithCacheTest.testWhenHasReleaseMsgAndHasRepeatMsg,flaky_doctor_126_magicoder_with_time.csv,flakydoctor_groundtruth_copy,1,1.000000,False,NaN,0.991112,1,1.000000,0.039370,163.914249
apollo,com.ctrip.framework.apollo.internals.RemoteConfigLongPollServiceTest.testAssembleLongPollRefreshUrlWithMultipleNamespaces,flaky_doctor_126_magicoder_with_time.csv,flakydoctor_groundtruth_copy,1,3.000000,False,NaN,0.985885,1,1.000000,0.041892,161.433530
apollo,com.ctrip.framework.apollo.internals.RemoteConfigLongPollServiceTest.testAssembleLongPollRefreshUrl,flaky_doctor_126_magicoder_with_time.csv,flakydoctor_groundtruth_copy,1,2.000000,False,NaN,0.994424,1,1.000000,0.042192,127.879131
feign,feign.mock.RequestHeadersTest.shouldPrintHeaders,flaky_doctor_126_magicoder_with_time.csv,flakydoctor_groundtruth_copy,1,3.000000,False,NaN,0.922139,1,1.000000,0.041244,87.372173
vjtools,com.vip.vjtools.vjkit.mapper.JsonMapperTest.jsonp,flaky_doctor_126_magicoder_with_time.csv,flakydoctor_groundtruth_copy,1,1.000000,False,NaN,0.999998,1,1.000000,0.039614,59.392783
vjtools,com.vip.vjtools.vjkit.mapper.JsonMapperTest.toJson,flaky_doctor_126_magicoder_with_time.csv,flakydoctor_groundtruth_copy,1,3.000000,False,NaN,0.995853,1,1.000000,0.038448,198.170352
jinjava,com.hubspot.jinjava.lib.filter.ListFilterTest.itConvertsSetsToLists,flaky_doctor_126_magicoder_with_time.csv,flakydoctor_groundtruth_copy,1,2.000000,False,NaN,0.999982,1,1.000000,0.041059,203.033553
fastjson,com.alibaba.json.bvt.path.JSONPath_reverse_test.test_reserve3,flaky_doctor_126_magicoder_with_time.csv,flakydoctor_groundtruth_copy,1,1.000000,False,NaN,0.992445,1,1.000000,0.040216,274.609945
fastjson,com.alibaba.json.bvt.support.spring.mock.testcase.FastJsonpHttpMessageConverter4Case1Test.test2_2,flaky_doctor_126_magicoder_with_time.csv,flakydoctor_groundtruth_copy,1,1.000000,False,NaN,0.998089,1,1.000000,0.039053,393.413880
avro,org.apache.avro.reflect.TestReflect.testAvroDoc,flaky_doctor_126_magicoder_with_time.csv,flakydoctor_groundtruth_copy,1,1.000000,False,NaN,0.995182,1,1.000000,0.038906,133.210809
shenyu,org.apache.shenyu.admin.service.register.ShenyuClientRegisterDivideServiceImplTest.testBuildHandle,flaky_doctor_126_magicoder_with_time.csv,flakydoctor_groundtruth_copy,1,1.000000,False,NaN,0.999993,1,1.000000,0.039490,352.289182
seatunnel,org.apache.seatunnel.api.configuration.util.OptionUtilTest.test,flaky_doctor_126_magicoder_with_time.csv,flakydoctor_groundtruth_copy,1,1.000000,False,NaN,0.999681,1,1.000000,0.042905,270.621227
crane4j,cn.crane4j.core.support.SimpleCrane4jGlobalConfigurationTest.operatePropertyMappingStrategy,flaky_doctor_126_magicoder_with_time.csv,flakydoctor_groundtruth_copy,1,NaN,False,NaN,0.986517,1,1.000000,0.042860,91.758742
botbuilder-java,com.microsoft.bot.restclient.AdditionalPropertiesSerializerTests.canSerializeAdditionalProperties,flaky_doctor_126_magicoder_with_time.csv,flakydoctor_groundtruth_copy,1,3.000000,False,NaN,0.999958,1,1.000000,0.040726,373.075791
shenyu,ShenyuClientRegisterDivideServiceImplTest.testBuildHandle,flaky_fix_181_gpt35_labeled.csv,flakyfix_groundtruth_copy,1,NaN,False,NaN,0.997744,1,1.000000,0.040106,22.222519
shenyu,ShenyuClientRegisterDubboServiceImplTest.testBuildHandle,flaky_fix_181_gpt35_labeled.csv,flakyfix_groundtruth_copy,1,NaN,False,NaN,0.999921,1,1.000000,0.041660,23.762658
shenyu,ShenyuClientRegisterGrpcServiceImplTest.testBuildHandle,flaky_fix_181_gpt35_labeled.csv,flakyfix_groundtruth_copy,1,NaN,False,NaN,0.999980,1,1.000000,0.042350,20.786085
shenyu,ShenyuClientRegisterSofaServiceImplTest.testRuleHandler,flaky_fix_181_gpt35_labeled.csv,flakyfix_groundtruth_copy,1,NaN,False,NaN,0.999997,1,1.000000,0.042796,2.433623
shenyu,ShenyuClientRegisterSpringCloudServiceImplTest.testBuildHandle,flaky_fix_181_gpt35_labeled.csv,flakyfix_groundtruth_copy,1,NaN,False,NaN,0.999619,1,1.000000,0.041472,23.647882
shenyu,ShenyuClientRegisterTarsServiceImplTest.testBuildHandle,flaky_fix_181_gpt35_labeled.csv,flakyfix_groundtruth_copy,1,NaN,False,NaN,0.998802,1,1.000000,0.043885,21.462337
apollo,ReleaseControllerTest.testReleaseBuild,flaky_fix_181_gpt35_labeled.csv,flakyfix_groundtruth_copy,1,NaN,False,NaN,0.990100,1,1.000000,0.044345,10.429578
apollo,JpaMapFieldJsonConverterTest.convertToDatabaseColumn_twoElement,flaky_fix_181_gpt35_labeled.csv,flakyfix_groundtruth_copy,1,NaN,False,NaN,0.999978,1,1.000000,0.043791,3.295135
apollo,NamespaceBranchServiceTest.testUpdateBranchGrayRulesWithUpdateOnce,flaky_fix_181_gpt35_labeled.csv,flakyfix_groundtruth_copy,1,NaN,False,NaN,0.960596,1,1.000000,0.041413,7.117911
apollo,NamespaceBranchServiceTest.testUpdateBranchGrayRulesWithUpdateTwice,flaky_fix_181_gpt35_labeled.csv,flakyfix_groundtruth_copy,1,NaN,False,NaN,0.993115,1,1.000000,0.041064,10.712082
apollo,ReleaseMessageServiceWithCacheTest.testWhenHasReleaseMsgAndHasRepeatMsg,flaky_fix_181_gpt35_labeled.csv,flakyfix_groundtruth_copy,1,NaN,False,NaN,0.991031,1,1.000000,0.043167,9.554834
apollo,ReleaseMessageServiceWithCacheTest.testWhenReleaseMsgSizeBiggerThan500,flaky_fix_181_gpt35_labeled.csv,flakyfix_groundtruth_copy,1,NaN,False,NaN,0.987987,1,1.000000,0.043129,9.298918
okta-hooks-sdk-java,ImportHooksTest.createUserTest,flaky_fix_181_gpt35_labeled.csv,flakyfix_groundtruth_copy,1,NaN,False,NaN,0.999997,1,1.000000,0.042046,2.810890
okta-hooks-sdk-java,ImportHooksTest.linkUserTest,flaky_fix_181_gpt35_labeled.csv,flakyfix_groundtruth_copy,1,NaN,False,NaN,0.999995,1,1.000000,0.040426,3.906711
okta-hooks-sdk-java,ImportHooksTest.passwordImportUnverifiedTest,flaky_fix_181_gpt35_labeled.csv,flakyfix_groundtruth_copy,1,NaN,False,NaN,0.999997,1,1.000000,0.040446,2.874975
okta-hooks-sdk-java,ImportHooksTest.passwordImportVerifiedTest,flaky_fix_181_gpt35_labeled.csv,flakyfix_groundtruth_copy,1,NaN,False,NaN,0.999997,1,1.000000,0.039918,2.931282
okta-hooks-sdk-java,TokenHooksTest.addClaim,flaky_fix_181_gpt35_labeled.csv,flakyfix_groundtruth_copy,1,NaN,False,NaN,0.999992,1,1.000000,0.038777,4.151305
okta-hooks-sdk-java,TokenHooksTest.addClaims,flaky_fix_181_gpt35_labeled.csv,flakyfix_groundtruth_copy,1,NaN,False,NaN,0.999980,1,1.000000,0.039305,10.131676
okta-hooks-sdk-java,TokenHooksTest.removeClaims,flaky_fix_181_gpt35_labeled.csv,flakyfix_groundtruth_copy,1,NaN,False,NaN,0.999982,1,1.000000,0.041345,5.834457
okta-hooks-sdk-java,TokenHooksTest.replaceClaims,flaky_fix_181_gpt35_labeled.csv,flakyfix_groundtruth_copy,1,NaN,False,NaN,0.999974,1,1.000000,0.041823,9.954258
okta-hooks-sdk-java,TokenHooksTest.tokenExpiration,flaky_fix_181_gpt35_labeled.csv,flakyfix_groundtruth_copy,1,NaN,False,NaN,0.999993,1,1.000000,0.043186,4.387671
okta-hooks-sdk-java,UserRegHooksTest.allow,flaky_fix_181_gpt35_labeled.csv,flakyfix_groundtruth_copy,1,NaN,False,NaN,0.999997,1,1.000000,0.042179,3.321582
okta-hooks-sdk-java,UserRegHooksTest.complexError,flaky_fix_181_gpt35_labeled.csv,flakyfix_groundtruth_copy,1,NaN,False,NaN,0.999982,1,1.000000,0.040042,6.964959
okta-hooks-sdk-java,UserRegHooksTest.deny,flaky_fix_181_gpt35_labeled.csv,flakyfix_groundtruth_copy,1,NaN,False,NaN,0.999997,1,1.000000,0.040381,2.663928
okta-hooks-sdk-java,UserRegHooksTest.errorWithDebugContext,flaky_fix_181_gpt35_labeled.csv,flakyfix_groundtruth_copy,1,NaN,False,NaN,0.999996,1,1.000000,0.040432,2.963863
okta-hooks-sdk-java,UserRegHooksTest.updateProfile,flaky_fix_181_gpt35_labeled.csv,flakyfix_groundtruth_copy,1,NaN,False,NaN,0.999998,1,1.000000,0.039810,4.003032
shenyu,ShenyuClientRegisterDivideServiceImplTest.testBuildHandle,flaky_fix_181_gpt35_labeled.csv,flakyfix_original,0,1.000000,False,NaN,0.011788,0,1.000000,0.039224,22.222519
shenyu,ShenyuClientRegisterDubboServiceImplTest.testBuildHandle,flaky_fix_181_gpt35_labeled.csv,flakyfix_original,0,2.000000,False,NaN,0.000020,0,1.000000,0.041521,23.762658
shenyu,ShenyuClientRegisterGrpcServiceImplTest.testBuildHandle,flaky_fix_181_gpt35_labeled.csv,flakyfix_original,0,2.000000,False,NaN,0.000045,0,1.000000,0.043269,20.786085
shenyu,ShenyuClientRegisterSofaServiceImplTest.testRuleHandler,flaky_fix_181_gpt35_labeled.csv,flakyfix_original,0,1.000000,False,NaN,0.399274,0,1.000000,0.044782,2.433623
shenyu,ShenyuClientRegisterSpringCloudServiceImplTest.testBuildHandle,flaky_fix_181_gpt35_labeled.csv,flakyfix_original,0,1.000000,False,NaN,0.020647,0,1.000000,0.041959,23.647882
shenyu,ShenyuClientRegisterTarsServiceImplTest.testBuildHandle,flaky_fix_181_gpt35_labeled.csv,flakyfix_original,0,1.000000,False,NaN,0.021204,0,1.000000,0.043148,21.462337
apollo,ReleaseControllerTest.testReleaseBuild,flaky_fix_181_gpt35_labeled.csv,flakyfix_original,0,1.000000,False,NaN,0.018236,0,1.000000,0.044436,10.429578
apollo,JpaMapFieldJsonConverterTest.convertToDatabaseColumn_twoElement,flaky_fix_181_gpt35_labeled.csv,flakyfix_original,0,1.000000,False,NaN,0.000045,0,1.000000,0.045311,3.295135
apollo,NamespaceBranchServiceTest.testUpdateBranchGrayRulesWithUpdateOnce,flaky_fix_181_gpt35_labeled.csv,flakyfix_original,0,1.000000,False,NaN,0.000037,0,1.000000,0.043337,7.117911
apollo,NamespaceBranchServiceTest.testUpdateBranchGrayRulesWithUpdateTwice,flaky_fix_181_gpt35_labeled.csv,flakyfix_original,0,3.000000,False,NaN,0.000021,0,1.000000,0.041160,10.712082
apollo,ReleaseMessageServiceWithCacheTest.testWhenHasReleaseMsgAndHasRepeatMsg,flaky_fix_181_gpt35_labeled.csv,flakyfix_original,0,1.000000,False,NaN,0.000135,0,1.000000,0.042599,9.554834
apollo,ReleaseMessageServiceWithCacheTest.testWhenReleaseMsgSizeBiggerThan500,flaky_fix_181_gpt35_labeled.csv,flakyfix_original,0,1.000000,False,NaN,0.000150,0,1.000000,0.043125,9.298918
okta-hooks-sdk-java,ImportHooksTest.createUserTest,flaky_fix_181_gpt35_labeled.csv,flakyfix_original,0,1.000000,False,NaN,0.005263,0,1.000000,0.042526,2.810890
okta-hooks-sdk-java,ImportHooksTest.linkUserTest,flaky_fix_181_gpt35_labeled.csv,flakyfix_original,0,1.000000,False,NaN,0.138643,0,1.000000,0.040909,3.906711
okta-hooks-sdk-java,ImportHooksTest.passwordImportUnverifiedTest,flaky_fix_181_gpt35_labeled.csv,flakyfix_original,0,1.000000,False,NaN,0.002058,0,1.000000,0.041299,2.874975
okta-hooks-sdk-java,ImportHooksTest.passwordImportVerifiedTest,flaky_fix_181_gpt35_labeled.csv,flakyfix_original,0,1.000000,False,NaN,0.001192,0,1.000000,0.040405,2.931282
okta-hooks-sdk-java,TokenHooksTest.addClaim,flaky_fix_181_gpt35_labeled.csv,flakyfix_original,0,1.000000,False,NaN,0.000119,0,1.000000,0.039862,4.151305
okta-hooks-sdk-java,TokenHooksTest.addClaims,flaky_fix_181_gpt35_labeled.csv,flakyfix_original,0,1.000000,False,NaN,0.000045,0,1.000000,0.040254,10.131676
okta-hooks-sdk-java,TokenHooksTest.removeClaims,flaky_fix_181_gpt35_labeled.csv,flakyfix_original,0,1.000000,False,NaN,0.000042,0,1.000000,0.041388,5.834457
okta-hooks-sdk-java,TokenHooksTest.replaceClaims,flaky_fix_181_gpt35_labeled.csv,flakyfix_original,0,1.000000,False,NaN,0.000036,0,1.000000,0.042479,9.954258
okta-hooks-sdk-java,TokenHooksTest.tokenExpiration,flaky_fix_181_gpt35_labeled.csv,flakyfix_original,0,1.000000,False,NaN,0.000106,0,1.000000,0.042852,4.387671
okta-hooks-sdk-java,UserRegHooksTest.allow,flaky_fix_181_gpt35_labeled.csv,flakyfix_original,0,1.000000,False,NaN,0.003673,0,1.000000,0.041150,3.321582
okta-hooks-sdk-java,UserRegHooksTest.complexError,flaky_fix_181_gpt35_labeled.csv,flakyfix_original,0,1.000000,False,NaN,0.000056,0,1.000000,0.039710,6.964959
okta-hooks-sdk-java,UserRegHooksTest.deny,flaky_fix_181_gpt35_labeled.csv,flakyfix_original,0,3.000000,False,NaN,0.001792,0,1.000000,0.039604,2.663928
okta-hooks-sdk-java,UserRegHooksTest.errorWithDebugContext,flaky_fix_181_gpt35_labeled.csv,flakyfix_original,0,1.000000,False,NaN,0.010200,0,1.000000,0.039706,2.963863
okta-hooks-sdk-java,UserRegHooksTest.updateProfile,flaky_fix_181_gpt35_labeled.csv,flakyfix_original,0,1.000000,False,NaN,0.003688,0,1.000000,0.039662,4.003032
fastjson,com.alibaba.json.bvt.issue_1500.Issue1584.test_for_issue,flaky_doctor_126_magicoder_with_time.csv,flakydoctor_original,0,3.000000,True,1.000000,0.958271,1,0.000000,0.039312,327.012596
fastjson,com.alibaba.json.bvt.issue_1500.Issue1584.test_for_issue,flaky_doctor_126_magicoder_with_time.csv,flakydoctor_original,0,3.000000,True,2.000000,0.969377,1,0.000000,0.039586,327.012596
fastjson,com.alibaba.json.bvt.issue_1500.Issue1584.test_for_issue,flaky_doctor_126_magicoder_with_time.csv,flakydoctor_original,0,3.000000,True,3.000000,0.986975,1,0.000000,0.039709,327.012596
fastjson,com.alibaba.json.bvt.issue_1500.Issue1584.test_for_issue,flaky_doctor_126_magicoder_with_time.csv,flakydoctor_original,0,3.000000,True,4.000000,0.912648,1,0.000000,0.040592,327.012596
fastjson,com.alibaba.json.bvt.issue_1500.Issue1584.test_for_issue,flaky_doctor_126_magicoder_with_time.csv,flakydoctor_original,0,3.000000,True,6.000000,0.891791,1,0.000000,0.041266,327.012596
fastjson,com.alibaba.json.bvt.issue_1500.Issue1584.test_for_issue,flaky_doctor_126_magicoder_with_time.csv,flakydoctor_original,0,3.000000,True,7.000000,0.967196,1,0.000000,0.041356,327.012596
fastjson,com.alibaba.json.bvt.issue_1500.Issue1584.test_for_issue,flaky_doctor_126_magicoder_with_time.csv,flakydoctor_original,0,3.000000,True,5.000000,0.711218,1,0.000000,0.040983,327.012596
apollo,com.ctrip.framework.apollo.configservice.service.ReleaseMessageServiceWithCacheTest.testWhenHasReleaseMsgAndHasRepeatMsg,flaky_doctor_126_magicoder_with_time.csv,flakydoctor_original,0,1.000000,True,1.000000,0.011589,0,0.000000,0.040761,163.914249
apollo,com.ctrip.framework.apollo.configservice.service.ReleaseMessageServiceWithCacheTest.testWhenHasReleaseMsgAndHasRepeatMsg,flaky_doctor_126_magicoder_with_time.csv,flakydoctor_original,0,1.000000,True,2.000000,0.130517,0,0.000000,0.042163,163.914249
apollo,com.ctrip.framework.apollo.configservice.service.ReleaseMessageServiceWithCacheTest.testWhenHasReleaseMsgAndHasRepeatMsg,flaky_doctor_126_magicoder_with_time.csv,flakydoctor_original,0,1.000000,True,3.000000,0.024007,0,0.000000,0.043023,163.914249
apollo,com.ctrip.framework.apollo.configservice.service.ReleaseMessageServiceWithCacheTest.testWhenHasReleaseMsgAndHasRepeatMsg,flaky_doctor_126_magicoder_with_time.csv,flakydoctor_original,0,1.000000,True,6.000000,0.012095,0,0.000000,0.044115,163.914249
apollo,com.ctrip.framework.apollo.configservice.service.ReleaseMessageServiceWithCacheTest.testWhenHasReleaseMsgAndHasRepeatMsg,flaky_doctor_126_magicoder_with_time.csv,flakydoctor_original,0,1.000000,True,5.000000,0.035124,0,0.000000,0.044166,163.914249
apollo,com.ctrip.framework.apollo.configservice.service.ReleaseMessageServiceWithCacheTest.testWhenHasReleaseMsgAndHasRepeatMsg,flaky_doctor_126_magicoder_with_time.csv,flakydoctor_original,0,1.000000,True,4.000000,0.105990,0,0.000000,0.043544,163.914249
apollo,com.ctrip.framework.apollo.configservice.service.ReleaseMessageServiceWithCacheTest.testWhenHasReleaseMsgAndHasRepeatMsg,flaky_doctor_126_magicoder_with_time.csv,flakydoctor_original,0,1.000000,True,7.000000,0.131326,0,0.000000,0.043214,163.914249
apollo,com.ctrip.framework.apollo.internals.RemoteConfigLongPollServiceTest.testAssembleLongPollRefreshUrlWithMultipleNamespaces,flaky_doctor_126_magicoder_with_time.csv,flakydoctor_original,0,3.000000,True,1.000000,0.009361,0,0.000000,0.042778,161.433530
apollo,com.ctrip.framework.apollo.internals.RemoteConfigLongPollServiceTest.testAssembleLongPollRefreshUrlWithMultipleNamespaces,flaky_doctor_126_magicoder_with_time.csv,flakydoctor_original,0,3.000000,True,3.000000,0.017411,0,0.000000,0.043090,161.433530
apollo,com.ctrip.framework.apollo.internals.RemoteConfigLongPollServiceTest.testAssembleLongPollRefreshUrlWithMultipleNamespaces,flaky_doctor_126_magicoder_with_time.csv,flakydoctor_original,0,3.000000,True,4.000000,0.000063,0,0.000000,0.043194,161.433530
apollo,com.ctrip.framework.apollo.internals.RemoteConfigLongPollServiceTest.testAssembleLongPollRefreshUrlWithMultipleNamespaces,flaky_doctor_126_magicoder_with_time.csv,flakydoctor_original,0,3.000000,True,2.000000,0.002480,0,0.000000,0.043151,161.433530
apollo,com.ctrip.framework.apollo.internals.RemoteConfigLongPollServiceTest.testAssembleLongPollRefreshUrlWithMultipleNamespaces,flaky_doctor_126_magicoder_with_time.csv,flakydoctor_original,0,3.000000,True,5.000000,0.017686,0,0.000000,0.043155,161.433530
apollo,com.ctrip.framework.apollo.internals.RemoteConfigLongPollServiceTest.testAssembleLongPollRefreshUrlWithMultipleNamespaces,flaky_doctor_126_magicoder_with_time.csv,flakydoctor_original,0,3.000000,True,6.000000,0.235105,0,0.000000,0.043146,161.433530
apollo,com.ctrip.framework.apollo.internals.RemoteConfigLongPollServiceTest.testAssembleLongPollRefreshUrlWithMultipleNamespaces,flaky_doctor_126_magicoder_with_time.csv,flakydoctor_original,0,3.000000,True,7.000000,0.000674,0,0.000000,0.043128,161.433530
feign,feign.mock.RequestHeadersTest.shouldPrintHeaders,flaky_doctor_126_magicoder_with_time.csv,flakydoctor_original,0,3.000000,True,1.000000,0.999387,1,0.000000,0.042789,87.372173
feign,feign.mock.RequestHeadersTest.shouldPrintHeaders,flaky_doctor_126_magicoder_with_time.csv,flakydoctor_original,0,3.000000,True,2.000000,0.999879,1,0.000000,0.041760,87.372173
feign,feign.mock.RequestHeadersTest.shouldPrintHeaders,flaky_doctor_126_magicoder_with_time.csv,flakydoctor_original,0,3.000000,True,3.000000,0.999912,1,0.000000,0.041308,87.372173
feign,feign.mock.RequestHeadersTest.shouldPrintHeaders,flaky_doctor_126_magicoder_with_time.csv,flakydoctor_original,0,3.000000,True,4.000000,0.998370,1,0.000000,0.041274,87.372173
feign,feign.mock.RequestHeadersTest.shouldPrintHeaders,flaky_doctor_126_magicoder_with_time.csv,flakydoctor_original,0,3.000000,True,5.000000,0.999839,1,0.000000,0.040770,87.372173
feign,feign.mock.RequestHeadersTest.shouldPrintHeaders,flaky_doctor_126_magicoder_with_time.csv,flakydoctor_original,0,3.000000,True,6.000000,0.999922,1,0.000000,0.040054,87.372173
feign,feign.mock.RequestHeadersTest.shouldPrintHeaders,flaky_doctor_126_magicoder_with_time.csv,flakydoctor_original,0,3.000000,True,7.000000,0.999910,1,0.000000,0.039158,87.372173
vjtools,com.vip.vjtools.vjkit.mapper.JsonMapperTest.toJson,flaky_doctor_126_magicoder_with_time.csv,flakydoctor_original,0,3.000000,True,1.000000,0.008689,0,0.000000,0.039528,198.170352
vjtools,com.vip.vjtools.vjkit.mapper.JsonMapperTest.toJson,flaky_doctor_126_magicoder_with_time.csv,flakydoctor_original,0,3.000000,True,2.000000,0.028083,0,0.000000,0.043657,198.170352
vjtools,com.vip.vjtools.vjkit.mapper.JsonMapperTest.toJson,flaky_doctor_126_magicoder_with_time.csv,flakydoctor_original,0,3.000000,True,3.000000,0.033986,0,0.000000,0.045537,198.170352
vjtools,com.vip.vjtools.vjkit.mapper.JsonMapperTest.toJson,flaky_doctor_126_magicoder_with_time.csv,flakydoctor_original,0,3.000000,True,5.000000,0.015812,0,0.000000,0.044634,198.170352
vjtools,com.vip.vjtools.vjkit.mapper.JsonMapperTest.toJson,flaky_doctor_126_magicoder_with_time.csv,flakydoctor_original,0,3.000000,True,4.000000,0.004661,0,0.000000,0.043539,198.170352
vjtools,com.vip.vjtools.vjkit.mapper.JsonMapperTest.toJson,flaky_doctor_126_magicoder_with_time.csv,flakydoctor_original,0,3.000000,True,6.000000,0.033845,0,0.000000,0.043677,198.170352
vjtools,com.vip.vjtools.vjkit.mapper.JsonMapperTest.toJson,flaky_doctor_126_magicoder_with_time.csv,flakydoctor_original,0,3.000000,True,7.000000,0.123426,0,0.000000,0.044365,198.170352
fastjson,com.alibaba.json.bvt.path.JSONPath_reverse_test.test_reserve3,flaky_doctor_126_magicoder_with_time.csv,flakydoctor_original,0,1.000000,True,1.000000,0.879018,1,0.000000,0.044277,274.609945
fastjson,com.alibaba.json.bvt.path.JSONPath_reverse_test.test_reserve3,flaky_doctor_126_magicoder_with_time.csv,flakydoctor_original,0,1.000000,True,2.000000,0.923290,1,0.000000,0.041334,274.609945
fastjson,com.alibaba.json.bvt.path.JSONPath_reverse_test.test_reserve3,flaky_doctor_126_magicoder_with_time.csv,flakydoctor_original,0,1.000000,True,3.000000,0.893494,1,0.000000,0.039795,274.609945
fastjson,com.alibaba.json.bvt.path.JSONPath_reverse_test.test_reserve3,flaky_doctor_126_magicoder_with_time.csv,flakydoctor_original,0,1.000000,True,4.000000,0.969087,1,0.000000,0.039604,274.609945
fastjson,com.alibaba.json.bvt.path.JSONPath_reverse_test.test_reserve3,flaky_doctor_126_magicoder_with_time.csv,flakydoctor_original,0,1.000000,True,6.000000,0.884487,1,0.000000,0.039558,274.609945
fastjson,com.alibaba.json.bvt.path.JSONPath_reverse_test.test_reserve3,flaky_doctor_126_magicoder_with_time.csv,flakydoctor_original,0,1.000000,True,5.000000,0.981725,1,0.000000,0.039640,274.609945
fastjson,com.alibaba.json.bvt.path.JSONPath_reverse_test.test_reserve3,flaky_doctor_126_magicoder_with_time.csv,flakydoctor_original,0,1.000000,True,7.000000,0.216927,0,0.000000,0.039556,274.609945
fastjson,com.alibaba.json.bvt.support.spring.mock.testcase.FastJsonpHttpMessageConverter4Case1Test.test2_2,flaky_doctor_126_magicoder_with_time.csv,flakydoctor_original,0,1.000000,True,1.000000,0.009070,0,0.000000,0.039662,393.413880
fastjson,com.alibaba.json.bvt.support.spring.mock.testcase.FastJsonpHttpMessageConverter4Case1Test.test2_2,flaky_doctor_126_magicoder_with_time.csv,flakydoctor_original,0,1.000000,True,2.000000,0.001044,0,0.000000,0.039643,393.413880
fastjson,com.alibaba.json.bvt.support.spring.mock.testcase.FastJsonpHttpMessageConverter4Case1Test.test2_2,flaky_doctor_126_magicoder_with_time.csv,flakydoctor_original,0,1.000000,True,3.000000,0.000989,0,0.000000,0.039751,393.413880
fastjson,com.alibaba.json.bvt.support.spring.mock.testcase.FastJsonpHttpMessageConverter4Case1Test.test2_2,flaky_doctor_126_magicoder_with_time.csv,flakydoctor_original,0,1.000000,True,4.000000,0.002022,0,0.000000,0.039887,393.413880
fastjson,com.alibaba.json.bvt.support.spring.mock.testcase.FastJsonpHttpMessageConverter4Case1Test.test2_2,flaky_doctor_126_magicoder_with_time.csv,flakydoctor_original,0,1.000000,True,5.000000,0.003660,0,0.000000,0.039631,393.413880
fastjson,com.alibaba.json.bvt.support.spring.mock.testcase.FastJsonpHttpMessageConverter4Case1Test.test2_2,flaky_doctor_126_magicoder_with_time.csv,flakydoctor_original,0,1.000000,True,6.000000,0.000726,0,0.000000,0.039609,393.413880
fastjson,com.alibaba.json.bvt.support.spring.mock.testcase.FastJsonpHttpMessageConverter4Case1Test.test2_2,flaky_doctor_126_magicoder_with_time.csv,flakydoctor_original,0,1.000000,True,7.000000,0.000461,0,0.000000,0.039133,393.413880
avro,org.apache.avro.reflect.TestReflect.testAvroDoc,flaky_doctor_126_magicoder_with_time.csv,flakydoctor_original,0,1.000000,True,1.000000,0.000219,0,0.000000,0.038918,133.210809
avro,org.apache.avro.reflect.TestReflect.testAvroDoc,flaky_doctor_126_magicoder_with_time.csv,flakydoctor_original,0,1.000000,True,2.000000,0.000080,0,0.000000,0.039617,133.210809
avro,org.apache.avro.reflect.TestReflect.testAvroDoc,flaky_doctor_126_magicoder_with_time.csv,flakydoctor_original,0,1.000000,True,3.000000,0.000052,0,0.000000,0.040516,133.210809
avro,org.apache.avro.reflect.TestReflect.testAvroDoc,flaky_doctor_126_magicoder_with_time.csv,flakydoctor_original,0,1.000000,True,4.000000,0.000096,0,0.000000,0.041313,133.210809
avro,org.apache.avro.reflect.TestReflect.testAvroDoc,flaky_doctor_126_magicoder_with_time.csv,flakydoctor_original,0,1.000000,True,5.000000,0.000805,0,0.000000,0.041276,133.210809
avro,org.apache.avro.reflect.TestReflect.testAvroDoc,flaky_doctor_126_magicoder_with_time.csv,flakydoctor_original,0,1.000000,True,6.000000,0.000044,0,0.000000,0.041281,133.210809
avro,org.apache.avro.reflect.TestReflect.testAvroDoc,flaky_doctor_126_magicoder_with_time.csv,flakydoctor_original,0,1.000000,True,7.000000,0.000097,0,0.000000,0.040667,133.210809
shenyu,org.apache.shenyu.admin.service.register.ShenyuClientRegisterDivideServiceImplTest.testBuildHandle,flaky_doctor_126_magicoder_with_time.csv,flakydoctor_original,0,1.000000,True,1.000000,0.004746,0,0.000000,0.039929,352.289182
shenyu,org.apache.shenyu.admin.service.register.ShenyuClientRegisterDivideServiceImplTest.testBuildHandle,flaky_doctor_126_magicoder_with_time.csv,flakydoctor_original,0,1.000000,True,2.000000,0.049285,0,0.000000,0.042295,352.289182
shenyu,org.apache.shenyu.admin.service.register.ShenyuClientRegisterDivideServiceImplTest.testBuildHandle,flaky_doctor_126_magicoder_with_time.csv,flakydoctor_original,0,1.000000,True,3.000000,0.093160,0,0.000000,0.043613,352.289182
shenyu,org.apache.shenyu.admin.service.register.ShenyuClientRegisterDivideServiceImplTest.testBuildHandle,flaky_doctor_126_magicoder_with_time.csv,flakydoctor_original,0,1.000000,True,4.000000,0.045372,0,0.000000,0.044327,352.289182
shenyu,org.apache.shenyu.admin.service.register.ShenyuClientRegisterDivideServiceImplTest.testBuildHandle,flaky_doctor_126_magicoder_with_time.csv,flakydoctor_original,0,1.000000,True,5.000000,0.004140,0,0.000000,0.044344,352.289182
shenyu,org.apache.shenyu.admin.service.register.ShenyuClientRegisterDivideServiceImplTest.testBuildHandle,flaky_doctor_126_magicoder_with_time.csv,flakydoctor_original,0,1.000000,True,6.000000,0.003264,0,0.000000,0.044385,352.289182
shenyu,org.apache.shenyu.admin.service.register.ShenyuClientRegisterDivideServiceImplTest.testBuildHandle,flaky_doctor_126_magicoder_with_time.csv,flakydoctor_original,0,1.000000,True,7.000000,0.105031,0,0.000000,0.044323,352.289182
seatunnel,org.apache.seatunnel.api.configuration.util.OptionUtilTest.test,flaky_doctor_126_magicoder_with_time.csv,flakydoctor_original,0,1.000000,True,1.000000,0.003738,0,0.000000,0.044824,270.621227
seatunnel,org.apache.seatunnel.api.configuration.util.OptionUtilTest.test,flaky_doctor_126_magicoder_with_time.csv,flakydoctor_original,0,1.000000,True,2.000000,0.008822,0,0.000000,0.044863,270.621227
seatunnel,org.apache.seatunnel.api.configuration.util.OptionUtilTest.test,flaky_doctor_126_magicoder_with_time.csv,flakydoctor_original,0,1.000000,True,3.000000,0.000598,0,0.000000,0.044844,270.621227
seatunnel,org.apache.seatunnel.api.configuration.util.OptionUtilTest.test,flaky_doctor_126_magicoder_with_time.csv,flakydoctor_original,0,1.000000,True,4.000000,0.004486,0,0.000000,0.044115,270.621227
seatunnel,org.apache.seatunnel.api.configuration.util.OptionUtilTest.test,flaky_doctor_126_magicoder_with_time.csv,flakydoctor_original,0,1.000000,True,5.000000,0.032840,0,0.000000,0.043737,270.621227
seatunnel,org.apache.seatunnel.api.configuration.util.OptionUtilTest.test,flaky_doctor_126_magicoder_with_time.csv,flakydoctor_original,0,1.000000,True,6.000000,0.006835,0,0.000000,0.043722,270.621227
seatunnel,org.apache.seatunnel.api.configuration.util.OptionUtilTest.test,flaky_doctor_126_magicoder_with_time.csv,flakydoctor_original,0,1.000000,True,7.000000,0.019766,0,0.000000,0.043757,270.621227
botbuilder-java,com.microsoft.bot.restclient.AdditionalPropertiesSerializerTests.canSerializeAdditionalProperties,flaky_doctor_126_magicoder_with_time.csv,flakydoctor_original,0,3.000000,True,1.000000,0.000049,0,0.000000,0.045084,373.075791
botbuilder-java,com.microsoft.bot.restclient.AdditionalPropertiesSerializerTests.canSerializeAdditionalProperties,flaky_doctor_126_magicoder_with_time.csv,flakydoctor_original,0,3.000000,True,2.000000,0.000116,0,0.000000,0.043275,373.075791
botbuilder-java,com.microsoft.bot.restclient.AdditionalPropertiesSerializerTests.canSerializeAdditionalProperties,flaky_doctor_126_magicoder_with_time.csv,flakydoctor_original,0,3.000000,True,3.000000,0.000190,0,0.000000,0.042196,373.075791
botbuilder-java,com.microsoft.bot.restclient.AdditionalPropertiesSerializerTests.canSerializeAdditionalProperties,flaky_doctor_126_magicoder_with_time.csv,flakydoctor_original,0,3.000000,True,4.000000,0.000194,0,0.000000,0.041302,373.075791
botbuilder-java,com.microsoft.bot.restclient.AdditionalPropertiesSerializerTests.canSerializeAdditionalProperties,flaky_doctor_126_magicoder_with_time.csv,flakydoctor_original,0,3.000000,True,5.000000,0.000308,0,0.000000,0.040727,373.075791
botbuilder-java,com.microsoft.bot.restclient.AdditionalPropertiesSerializerTests.canSerializeAdditionalProperties,flaky_doctor_126_magicoder_with_time.csv,flakydoctor_original,0,3.000000,True,6.000000,0.000235,0,0.000000,0.040617,373.075791
botbuilder-java,com.microsoft.bot.restclient.AdditionalPropertiesSerializerTests.canSerializeAdditionalProperties,flaky_doctor_126_magicoder_with_time.csv,flakydoctor_original,0,3.000000,True,7.000000,0.000387,0,0.000000,0.039826,373.075791
apollo,com.ctrip.framework.apollo.internals.RemoteConfigLongPollServiceTest.testAssembleLongPollRefreshUrl,flaky_doctor_126_magicoder_with_time.csv,flakydoctor_original,0,2.000000,True,1.000000,0.000062,0,1.000000,0.039047,127.879131
apollo,com.ctrip.framework.apollo.internals.RemoteConfigLongPollServiceTest.testAssembleLongPollRefreshUrl,flaky_doctor_126_magicoder_with_time.csv,flakydoctor_original,0,2.000000,True,2.000000,0.000251,0,1.000000,0.038448,127.879131
apollo,com.ctrip.framework.apollo.internals.RemoteConfigLongPollServiceTest.testAssembleLongPollRefreshUrl,flaky_doctor_126_magicoder_with_time.csv,flakydoctor_original,0,2.000000,True,3.000000,0.002999,0,1.000000,0.038996,127.879131
apollo,com.ctrip.framework.apollo.internals.RemoteConfigLongPollServiceTest.testAssembleLongPollRefreshUrl,flaky_doctor_126_magicoder_with_time.csv,flakydoctor_original,0,2.000000,True,4.000000,0.000576,0,1.000000,0.039636,127.879131
apollo,com.ctrip.framework.apollo.internals.RemoteConfigLongPollServiceTest.testAssembleLongPollRefreshUrl,flaky_doctor_126_magicoder_with_time.csv,flakydoctor_original,0,2.000000,True,5.000000,0.000065,0,1.000000,0.039004,127.879131
apollo,com.ctrip.framework.apollo.internals.RemoteConfigLongPollServiceTest.testAssembleLongPollRefreshUrl,flaky_doctor_126_magicoder_with_time.csv,flakydoctor_original,0,2.000000,True,6.000000,0.000201,0,1.000000,0.038803,127.879131
apollo,com.ctrip.framework.apollo.internals.RemoteConfigLongPollServiceTest.testAssembleLongPollRefreshUrl,flaky_doctor_126_magicoder_with_time.csv,flakydoctor_original,0,2.000000,True,7.000000,0.000155,0,1.000000,0.038852,127.879131
vjtools,com.vip.vjtools.vjkit.mapper.JsonMapperTest.jsonp,flaky_doctor_126_magicoder_with_time.csv,flakydoctor_original,0,1.000000,True,1.000000,0.042054,0,1.000000,0.038424,59.392783
vjtools,com.vip.vjtools.vjkit.mapper.JsonMapperTest.jsonp,flaky_doctor_126_magicoder_with_time.csv,flakydoctor_original,0,1.000000,True,2.000000,0.103233,0,1.000000,0.038115,59.392783
vjtools,com.vip.vjtools.vjkit.mapper.JsonMapperTest.jsonp,flaky_doctor_126_magicoder_with_time.csv,flakydoctor_original,0,1.000000,True,3.000000,0.049516,0,1.000000,0.038145,59.392783
vjtools,com.vip.vjtools.vjkit.mapper.JsonMapperTest.jsonp,flaky_doctor_126_magicoder_with_time.csv,flakydoctor_original,0,1.000000,True,4.000000,0.203991,0,1.000000,0.038093,59.392783
vjtools,com.vip.vjtools.vjkit.mapper.JsonMapperTest.jsonp,flaky_doctor_126_magicoder_with_time.csv,flakydoctor_original,0,1.000000,True,5.000000,0.125227,0,1.000000,0.038279,59.392783
vjtools,com.vip.vjtools.vjkit.mapper.JsonMapperTest.jsonp,flaky_doctor_126_magicoder_with_time.csv,flakydoctor_original,0,1.000000,True,6.000000,0.059956,0,1.000000,0.038216,59.392783
vjtools,com.vip.vjtools.vjkit.mapper.JsonMapperTest.jsonp,flaky_doctor_126_magicoder_with_time.csv,flakydoctor_original,0,1.000000,True,7.000000,0.151721,0,1.000000,0.038307,59.392783
jinjava,com.hubspot.jinjava.lib.filter.ListFilterTest.itConvertsSetsToLists,flaky_doctor_126_magicoder_with_time.csv,flakydoctor_original,0,2.000000,True,1.000000,0.969671,1,1.000000,0.036723,203.033553
jinjava,com.hubspot.jinjava.lib.filter.ListFilterTest.itConvertsSetsToLists,flaky_doctor_126_magicoder_with_time.csv,flakydoctor_original,0,2.000000,True,2.000000,0.998889,1,1.000000,0.038116,203.033553
jinjava,com.hubspot.jinjava.lib.filter.ListFilterTest.itConvertsSetsToLists,flaky_doctor_126_magicoder_with_time.csv,flakydoctor_original,0,2.000000,True,3.000000,0.999865,1,1.000000,0.036551,203.033553
jinjava,com.hubspot.jinjava.lib.filter.ListFilterTest.itConvertsSetsToLists,flaky_doctor_126_magicoder_with_time.csv,flakydoctor_original,0,2.000000,True,4.000000,0.999399,1,1.000000,0.035780,203.033553
jinjava,com.hubspot.jinjava.lib.filter.ListFilterTest.itConvertsSetsToLists,flaky_doctor_126_magicoder_with_time.csv,flakydoctor_original,0,2.000000,True,5.000000,0.999892,1,1.000000,0.038425,203.033553
jinjava,com.hubspot.jinjava.lib.filter.ListFilterTest.itConvertsSetsToLists,flaky_doctor_126_magicoder_with_time.csv,flakydoctor_original,0,2.000000,True,6.000000,0.998875,1,1.000000,0.038843,203.033553
jinjava,com.hubspot.jinjava.lib.filter.ListFilterTest.itConvertsSetsToLists,flaky_doctor_126_magicoder_with_time.csv,flakydoctor_original,0,2.000000,True,7.000000,0.999889,1,1.000000,0.038815,203.033553
jetcache,com.alicp.jetcache.anno.support.ConfigProvider_CacheMessagePublisher_Test.test.test,flaky_doctor_131_gpt_fixed_checked_labeled_time.csv,flakydoctor_original,1,NaN,True,1.000000,0.971679,1,1.000000,0.039436,31.022462
fastjson,com.alibaba.json.bvt.guava.ArrayListMultimapTest.test_for_multimap.test_for_multimap,flaky_doctor_131_gpt_fixed_checked_labeled_time.csv,flakydoctor_original,1,NaN,True,1.000000,0.963700,1,1.000000,0.041162,25.484430
fastjson,com.alibaba.json.bvt.issue_1100.Issue1177_2.test_for_issue.test_for_issue,flaky_doctor_131_gpt_fixed_checked_labeled_time.csv,flakydoctor_original,1,NaN,True,1.000000,0.991917,1,1.000000,0.041240,85.871465
fastjson,com.alibaba.json.bvt.issue_1400.Issue1480.test_for_issue.test_for_issue,flaky_doctor_131_gpt_fixed_checked_labeled_time.csv,flakydoctor_original,1,NaN,True,1.000000,0.992361,1,1.000000,0.041226,72.158875
fastjson,com.alibaba.json.bvt.writeClassName.WriteDuplicateType.test_dupType2.test_dupType2,flaky_doctor_131_gpt_fixed_checked_labeled_time.csv,flakydoctor_original,1,NaN,True,1.000000,0.975019,1,1.000000,0.043630,24.940780
incubator-shardingsphere,org.apache.shardingsphere.shardingjdbc.jdbc.core.datasource.MasterSlaveDataSourceTest.assertGetDatabaseProductName.assertGetDatabaseProductName,flaky_doctor_131_gpt_fixed_checked_labeled_time.csv,flakydoctor_original,1,NaN,True,1.000000,0.999107,1,1.000000,0.043334,31.804423
fastjson,com.alibaba.json.bvt.issue_1500.Issue1584.test_for_issue.test_for_issue,flaky_doctor_131_gpt_fixed_checked_labeled_time.csv,flakydoctor_original,1,NaN,True,1.000000,0.963273,1,1.000000,0.044193,101.441165
shenyu,org.apache.shenyu.admin.service.PermissionServiceTest.testGetPermissionMenu.testGetPermissionMenu,flaky_doctor_131_gpt_fixed_checked_labeled_time.csv,flakydoctor_original,1,NaN,True,1.000000,0.999165,1,1.000000,0.042946,115.260740
apollo,com.ctrip.framework.apollo.internals.RemoteConfigLongPollServiceTest.testAssembleLongPollRefreshUrl.testAssembleLongPollRefreshUrl,flaky_doctor_131_gpt_fixed_checked_labeled_time.csv,flakydoctor_original,1,NaN,True,1.000000,0.000045,0,1.000000,0.043171,57.607450
apollo,com.ctrip.framework.apollo.configservice.service.ReleaseMessageServiceWithCacheTest.testWhenHasReleaseMsgAndHasRepeatMsg.testWhenHasReleaseMsgAndHasRepeatMsg,flaky_doctor_131_gpt_fixed_checked_labeled_time.csv,flakydoctor_original,1,NaN,True,1.000000,0.657932,1,1.000000,0.043206,40.715794
apollo,com.ctrip.framework.apollo.configservice.service.ReleaseMessageServiceWithCacheTest.testWhenReleaseMsgSizeBiggerThan500.testWhenReleaseMsgSizeBiggerThan500,flaky_doctor_131_gpt_fixed_checked_labeled_time.csv,flakydoctor_original,1,NaN,True,1.000000,0.991111,1,1.000000,0.044149,62.094354
apollo,com.ctrip.framework.apollo.adminservice.controller.ReleaseControllerTest.testReleaseBuild.testReleaseBuild,flaky_doctor_131_gpt_fixed_checked_labeled_time.csv,flakydoctor_original,1,NaN,True,1.000000,0.733888,1,1.000000,0.043438,126.396502
feign,feign.mock.RequestHeadersTest.shouldPrintHeaders.shouldPrintHeaders,flaky_doctor_131_gpt_fixed_checked_labeled_time.csv,flakydoctor_original,1,NaN,True,1.000000,0.025333,0,1.000000,0.044258,17.538201
feign,feign.json.JsonEncoderTest.encodesObject.encodesObject,flaky_doctor_131_gpt_fixed_checked_labeled_time.csv,flakydoctor_original,1,NaN,True,1.000000,0.999997,1,1.000000,0.041460,35.276565
vjtools,com.vip.vjtools.vjkit.mapper.JsonMapperTest.jsonp.jsonp,flaky_doctor_131_gpt_fixed_checked_labeled_time.csv,flakydoctor_original,1,NaN,True,1.000000,0.999998,1,1.000000,0.039779,51.030856
spring-cloud-config,org.springframework.cloud.config.monitor.GiteePropertyPathNotificationExtractorTests.giteeSample.giteeSample,flaky_doctor_131_gpt_fixed_checked_labeled_time.csv,flakydoctor_original,1,NaN,True,1.000000,0.999391,1,1.000000,0.039575,19.184336
json-schema-validator,com.networknt.schema.CollectorContextTest.testCollectorContextWithKeyword.testCollectorContextWithKeyword,flaky_doctor_131_gpt_fixed_checked_labeled_time.csv,flakydoctor_original,1,NaN,True,1.000000,0.998658,1,1.000000,0.039303,36.639424
karate,com.intuit.karate.JsonUtilsTest.testBeanConversion.testBeanConversion,flaky_doctor_131_gpt_fixed_checked_labeled_time.csv,flakydoctor_original,1,NaN,True,1.000000,0.010412,0,1.000000,0.039557,29.329274
jinjava,com.hubspot.jinjava.lib.filter.ListFilterTest.itConvertsSetsToLists.itConvertsSetsToLists,flaky_doctor_131_gpt_fixed_checked_labeled_time.csv,flakydoctor_original,1,NaN,True,1.000000,0.999995,1,1.000000,0.038859,40.028518
hertzbeat,org.dromara.hertzbeat.collector.util.CollectUtilTest.replaceSmilingPlaceholder.replaceSmilingPlaceholder,flaky_doctor_131_gpt_fixed_checked_labeled_time.csv,flakydoctor_original,1,NaN,True,1.000000,0.993878,1,1.000000,0.038430,80.015703
castle-java,io.castle.client.model.CastleDeviceTest.jsonSerialized.jsonSerialized,flaky_doctor_131_gpt_fixed_checked_labeled_time.csv,flakydoctor_original,1,NaN,True,1.000000,0.999991,1,1.000000,0.040584,26.814604
Strata,com.opengamma.strata.data.MarketDataTest.test_combinedWith_noClashSame.test_combinedWith_noClashSame,flaky_doctor_131_gpt_fixed_checked_labeled_time.csv,flakydoctor_original,1,NaN,True,1.000000,0.999978,1,1.000000,0.040792,35.502808
fastjson,com.alibaba.json.bvt.guava.ArrayListMultimapTest.test_for_multimap.test_for_multimap,flaky_doctor_131_gpt_fixed_checked_labeled_time.csv,flakydoctor_groundtruth_copy,1,NaN,True,1.000000,0.914310,1,1.000000,0.039870,25.484430
jetcache,com.alicp.jetcache.anno.support.ConfigProvider_CacheMessagePublisher_Test.test.test,flaky_doctor_131_gpt_fixed_checked_labeled_time.csv,flakydoctor_groundtruth_copy,1,NaN,True,1.000000,0.996769,1,1.000000,0.039749,31.022462
fastjson,com.alibaba.json.bvt.issue_1100.Issue1177_2.test_for_issue.test_for_issue,flaky_doctor_131_gpt_fixed_checked_labeled_time.csv,flakydoctor_groundtruth_copy,1,NaN,True,1.000000,0.025355,0,1.000000,0.041330,85.871465
fastjson,com.alibaba.json.bvt.issue_1400.Issue1480.test_for_issue.test_for_issue,flaky_doctor_131_gpt_fixed_checked_labeled_time.csv,flakydoctor_groundtruth_copy,1,NaN,True,1.000000,0.933116,1,1.000000,0.040884,72.158875
fastjson,com.alibaba.json.bvt.issue_1500.Issue1584.test_for_issue.test_for_issue,flaky_doctor_131_gpt_fixed_checked_labeled_time.csv,flakydoctor_groundtruth_copy,1,NaN,True,1.000000,0.883452,1,1.000000,0.043173,101.441165
fastjson,com.alibaba.json.bvt.writeClassName.WriteDuplicateType.test_dupType2.test_dupType2,flaky_doctor_131_gpt_fixed_checked_labeled_time.csv,flakydoctor_groundtruth_copy,1,NaN,True,1.000000,0.967928,1,1.000000,0.042811,24.940780
incubator-shardingsphere,org.apache.shardingsphere.shardingjdbc.jdbc.core.datasource.MasterSlaveDataSourceTest.assertGetDatabaseProductName.assertGetDatabaseProductName,flaky_doctor_131_gpt_fixed_checked_labeled_time.csv,flakydoctor_groundtruth_copy,1,NaN,True,1.000000,0.999206,1,1.000000,0.041398,31.804423
shenyu,org.apache.shenyu.admin.service.PermissionServiceTest.testGetPermissionMenu.testGetPermissionMenu,flaky_doctor_131_gpt_fixed_checked_labeled_time.csv,flakydoctor_groundtruth_copy,1,NaN,True,1.000000,0.975632,1,1.000000,0.042047,115.260740
apollo,com.ctrip.framework.apollo.internals.RemoteConfigLongPollServiceTest.testAssembleLongPollRefreshUrl.testAssembleLongPollRefreshUrl,flaky_doctor_131_gpt_fixed_checked_labeled_time.csv,flakydoctor_groundtruth_copy,1,NaN,True,1.000000,0.560402,1,1.000000,0.044060,57.607450
apollo,com.ctrip.framework.apollo.configservice.service.ReleaseMessageServiceWithCacheTest.testWhenHasReleaseMsgAndHasRepeatMsg.testWhenHasReleaseMsgAndHasRepeatMsg,flaky_doctor_131_gpt_fixed_checked_labeled_time.csv,flakydoctor_groundtruth_copy,1,NaN,True,1.000000,0.926198,1,1.000000,0.044168,40.715794
apollo,com.ctrip.framework.apollo.adminservice.controller.ReleaseControllerTest.testReleaseBuild.testReleaseBuild,flaky_doctor_131_gpt_fixed_checked_labeled_time.csv,flakydoctor_groundtruth_copy,1,NaN,True,1.000000,0.085577,0,1.000000,0.043286,126.396502
apollo,com.ctrip.framework.apollo.configservice.service.ReleaseMessageServiceWithCacheTest.testWhenReleaseMsgSizeBiggerThan500.testWhenReleaseMsgSizeBiggerThan500,flaky_doctor_131_gpt_fixed_checked_labeled_time.csv,flakydoctor_groundtruth_copy,1,NaN,True,1.000000,0.595270,1,1.000000,0.044149,62.094354
feign,feign.mock.RequestHeadersTest.shouldPrintHeaders.shouldPrintHeaders,flaky_doctor_131_gpt_fixed_checked_labeled_time.csv,flakydoctor_groundtruth_copy,1,NaN,True,1.000000,0.019030,0,1.000000,0.042664,17.538201
feign,feign.json.JsonEncoderTest.encodesObject.encodesObject,flaky_doctor_131_gpt_fixed_checked_labeled_time.csv,flakydoctor_groundtruth_copy,1,NaN,True,1.000000,0.890140,1,1.000000,0.040212,35.276565
vjtools,com.vip.vjtools.vjkit.mapper.JsonMapperTest.jsonp.jsonp,flaky_doctor_131_gpt_fixed_checked_labeled_time.csv,flakydoctor_groundtruth_copy,1,NaN,True,1.000000,0.999997,1,1.000000,0.038745,51.030856
spring-cloud-config,org.springframework.cloud.config.monitor.GiteePropertyPathNotificationExtractorTests.giteeSample.giteeSample,flaky_doctor_131_gpt_fixed_checked_labeled_time.csv,flakydoctor_groundtruth_copy,1,NaN,True,1.000000,0.999995,1,1.000000,0.038307,19.184336
karate,com.intuit.karate.JsonUtilsTest.testBeanConversion.testBeanConversion,flaky_doctor_131_gpt_fixed_checked_labeled_time.csv,flakydoctor_groundtruth_copy,1,NaN,True,1.000000,0.009859,0,1.000000,0.038156,29.329274
json-schema-validator,com.networknt.schema.CollectorContextTest.testCollectorContextWithKeyword.testCollectorContextWithKeyword,flaky_doctor_131_gpt_fixed_checked_labeled_time.csv,flakydoctor_groundtruth_copy,1,NaN,True,1.000000,0.999990,1,1.000000,0.038305,36.639424
jinjava,com.hubspot.jinjava.lib.filter.ListFilterTest.itConvertsSetsToLists.itConvertsSetsToLists,flaky_doctor_131_gpt_fixed_checked_labeled_time.csv,flakydoctor_groundtruth_copy,1,NaN,True,1.000000,0.999994,1,1.000000,0.038908,40.028518
hertzbeat,org.dromara.hertzbeat.collector.util.CollectUtilTest.replaceSmilingPlaceholder.replaceSmilingPlaceholder,flaky_doctor_131_gpt_fixed_checked_labeled_time.csv,flakydoctor_groundtruth_copy,1,NaN,True,1.000000,0.994026,1,1.000000,0.039260,80.015703
castle-java,io.castle.client.model.CastleDeviceTest.jsonSerialized.jsonSerialized,flaky_doctor_131_gpt_fixed_checked_labeled_time.csv,flakydoctor_groundtruth_copy,1,NaN,True,1.000000,0.999992,1,1.000000,0.040593,26.814604
Strata,com.opengamma.strata.data.MarketDataTest.test_combinedWith_noClashSame.test_combinedWith_noClashSame,flaky_doctor_131_gpt_fixed_checked_labeled_time.csv,flakydoctor_groundtruth_copy,1,NaN,True,1.000000,0.999980,1,1.000000,0.040519,35.502808
crane4j,cn.crane4j.core.support.SimpleCrane4jGlobalConfigurationTest.operatePropertyMappingStrategy,flaky_doctor_126_magicoder_with_time.csv,flakydoctor_original,1,NaN,True,1.000000,0.367034,0,1.000000,0.040399,91.758742
fastjson,com.alibaba.json.bvt.issue_1500.Issue1584.test_for_issue,flaky_doctor_126_magicoder_with_time.csv,flakydoctor_groundtruth_copy,1,3.000000,True,1.000000,0.203170,0,1.000000,0.040551,327.012596
apollo,com.ctrip.framework.apollo.configservice.service.ReleaseMessageServiceWithCacheTest.testWhenHasReleaseMsgAndHasRepeatMsg,flaky_doctor_126_magicoder_with_time.csv,flakydoctor_groundtruth_copy,1,1.000000,True,1.000000,0.658509,1,1.000000,0.042012,163.914249
apollo,com.ctrip.framework.apollo.internals.RemoteConfigLongPollServiceTest.testAssembleLongPollRefreshUrlWithMultipleNamespaces,flaky_doctor_126_magicoder_with_time.csv,flakydoctor_groundtruth_copy,1,3.000000,True,1.000000,0.002122,0,1.000000,0.042195,161.433530
apollo,com.ctrip.framework.apollo.internals.RemoteConfigLongPollServiceTest.testAssembleLongPollRefreshUrl,flaky_doctor_126_magicoder_with_time.csv,flakydoctor_groundtruth_copy,1,2.000000,True,1.000000,0.000199,0,1.000000,0.042208,127.879131
feign,feign.mock.RequestHeadersTest.shouldPrintHeaders,flaky_doctor_126_magicoder_with_time.csv,flakydoctor_groundtruth_copy,1,3.000000,True,1.000000,0.001254,0,1.000000,0.041799,87.372173
vjtools,com.vip.vjtools.vjkit.mapper.JsonMapperTest.jsonp,flaky_doctor_126_magicoder_with_time.csv,flakydoctor_groundtruth_copy,1,1.000000,True,1.000000,0.999998,1,1.000000,0.041333,59.392783
vjtools,com.vip.vjtools.vjkit.mapper.JsonMapperTest.toJson,flaky_doctor_126_magicoder_with_time.csv,flakydoctor_groundtruth_copy,1,3.000000,True,1.000000,0.344311,0,1.000000,0.040888,198.170352
jinjava,com.hubspot.jinjava.lib.filter.ListFilterTest.itConvertsSetsToLists,flaky_doctor_126_magicoder_with_time.csv,flakydoctor_groundtruth_copy,1,2.000000,True,1.000000,0.999963,1,1.000000,0.042663,203.033553
fastjson,com.alibaba.json.bvt.path.JSONPath_reverse_test.test_reserve3,flaky_doctor_126_magicoder_with_time.csv,flakydoctor_groundtruth_copy,1,1.000000,True,1.000000,0.983538,1,1.000000,0.041699,274.609945
fastjson,com.alibaba.json.bvt.support.spring.mock.testcase.FastJsonpHttpMessageConverter4Case1Test.test2_2,flaky_doctor_126_magicoder_with_time.csv,flakydoctor_groundtruth_copy,1,1.000000,True,1.000000,0.009760,0,1.000000,0.041286,393.413880
avro,org.apache.avro.reflect.TestReflect.testAvroDoc,flaky_doctor_126_magicoder_with_time.csv,flakydoctor_groundtruth_copy,1,1.000000,True,1.000000,0.987298,1,1.000000,0.040748,133.210809
seatunnel,org.apache.seatunnel.api.configuration.util.OptionUtilTest.test,flaky_doctor_126_magicoder_with_time.csv,flakydoctor_groundtruth_copy,1,1.000000,True,1.000000,0.998755,1,1.000000,0.040649,270.621227
shenyu,org.apache.shenyu.admin.service.register.ShenyuClientRegisterDivideServiceImplTest.testBuildHandle,flaky_doctor_126_magicoder_with_time.csv,flakydoctor_groundtruth_copy,1,1.000000,True,1.000000,0.570022,1,1.000000,0.042932,352.289182
crane4j,cn.crane4j.core.support.SimpleCrane4jGlobalConfigurationTest.operatePropertyMappingStrategy,flaky_doctor_126_magicoder_with_time.csv,flakydoctor_groundtruth_copy,1,NaN,True,1.000000,0.974118,1,1.000000,0.043892,91.758742
botbuilder-java,com.microsoft.bot.restclient.AdditionalPropertiesSerializerTests.canSerializeAdditionalProperties,flaky_doctor_126_magicoder_with_time.csv,flakydoctor_groundtruth_copy,1,3.000000,True,1.000000,0.999924,1,1.000000,0.042421,373.075791
shenyu,ShenyuClientRegisterDivideServiceImplTest.testBuildHandle,flaky_fix_181_gpt35_labeled.csv,flakyfix_original,0,1.000000,True,1.000000,0.478975,0,1.000000,0.041677,22.222519
shenyu,ShenyuClientRegisterSofaServiceImplTest.testRuleHandler,flaky_fix_181_gpt35_labeled.csv,flakyfix_original,0,1.000000,True,1.000000,0.961065,1,1.000000,0.042725,2.433623
shenyu,ShenyuClientRegisterDubboServiceImplTest.testBuildHandle,flaky_fix_181_gpt35_labeled.csv,flakyfix_original,0,2.000000,True,1.000000,0.000522,0,1.000000,0.040873,23.762658
shenyu,ShenyuClientRegisterGrpcServiceImplTest.testBuildHandle,flaky_fix_181_gpt35_labeled.csv,flakyfix_original,0,2.000000,True,1.000000,0.001460,0,1.000000,0.044146,20.786085
shenyu,ShenyuClientRegisterSpringCloudServiceImplTest.testBuildHandle,flaky_fix_181_gpt35_labeled.csv,flakyfix_original,0,1.000000,True,1.000000,0.020647,0,1.000000,0.044318,23.647882
apollo,JpaMapFieldJsonConverterTest.convertToDatabaseColumn_twoElement,flaky_fix_181_gpt35_labeled.csv,flakyfix_original,0,1.000000,True,1.000000,0.000047,0,1.000000,0.044205,3.295135
apollo,ReleaseControllerTest.testReleaseBuild,flaky_fix_181_gpt35_labeled.csv,flakyfix_original,0,1.000000,True,1.000000,0.264552,0,1.000000,0.041799,10.429578
shenyu,ShenyuClientRegisterTarsServiceImplTest.testBuildHandle,flaky_fix_181_gpt35_labeled.csv,flakyfix_original,0,1.000000,True,1.000000,0.289811,0,1.000000,0.043401,21.462337
apollo,NamespaceBranchServiceTest.testUpdateBranchGrayRulesWithUpdateOnce,flaky_fix_181_gpt35_labeled.csv,flakyfix_original,0,1.000000,True,1.000000,0.507042,1,1.000000,0.045280,7.117911
apollo,NamespaceBranchServiceTest.testUpdateBranchGrayRulesWithUpdateTwice,flaky_fix_181_gpt35_labeled.csv,flakyfix_original,0,3.000000,True,1.000000,0.000021,0,1.000000,0.044331,10.712082
apollo,ReleaseMessageServiceWithCacheTest.testWhenHasReleaseMsgAndHasRepeatMsg,flaky_fix_181_gpt35_labeled.csv,flakyfix_original,0,1.000000,True,1.000000,0.046212,0,1.000000,0.045270,9.554834
okta-hooks-sdk-java,ImportHooksTest.createUserTest,flaky_fix_181_gpt35_labeled.csv,flakyfix_original,0,1.000000,True,1.000000,0.005260,0,1.000000,0.044082,2.810890
apollo,ReleaseMessageServiceWithCacheTest.testWhenReleaseMsgSizeBiggerThan500,flaky_fix_181_gpt35_labeled.csv,flakyfix_original,0,1.000000,True,1.000000,0.767265,1,1.000000,0.041665,9.298918
okta-hooks-sdk-java,ImportHooksTest.passwordImportUnverifiedTest,flaky_fix_181_gpt35_labeled.csv,flakyfix_original,0,1.000000,True,1.000000,0.002052,0,1.000000,0.040944,2.874975
okta-hooks-sdk-java,ImportHooksTest.linkUserTest,flaky_fix_181_gpt35_labeled.csv,flakyfix_original,0,1.000000,True,1.000000,0.138643,0,1.000000,0.039780,3.906711
okta-hooks-sdk-java,ImportHooksTest.passwordImportVerifiedTest,flaky_fix_181_gpt35_labeled.csv,flakyfix_original,0,1.000000,True,1.000000,0.001190,0,1.000000,0.038990,2.931282
okta-hooks-sdk-java,TokenHooksTest.addClaim,flaky_fix_181_gpt35_labeled.csv,flakyfix_original,0,1.000000,True,1.000000,0.000119,0,1.000000,0.038914,4.151305
okta-hooks-sdk-java,TokenHooksTest.addClaims,flaky_fix_181_gpt35_labeled.csv,flakyfix_original,0,1.000000,True,1.000000,0.000045,0,1.000000,0.039203,10.131676
okta-hooks-sdk-java,TokenHooksTest.removeClaims,flaky_fix_181_gpt35_labeled.csv,flakyfix_original,0,1.000000,True,1.000000,0.000042,0,1.000000,0.040423,5.834457
okta-hooks-sdk-java,TokenHooksTest.replaceClaims,flaky_fix_181_gpt35_labeled.csv,flakyfix_original,0,1.000000,True,1.000000,0.000036,0,1.000000,0.040901,9.954258
okta-hooks-sdk-java,TokenHooksTest.tokenExpiration,flaky_fix_181_gpt35_labeled.csv,flakyfix_original,0,1.000000,True,1.000000,0.000106,0,1.000000,0.041864,4.387671
okta-hooks-sdk-java,UserRegHooksTest.allow,flaky_fix_181_gpt35_labeled.csv,flakyfix_original,0,1.000000,True,1.000000,0.003659,0,1.000000,0.040217,3.321582
okta-hooks-sdk-java,UserRegHooksTest.deny,flaky_fix_181_gpt35_labeled.csv,flakyfix_original,0,3.000000,True,1.000000,0.001776,0,1.000000,0.038925,2.663928
okta-hooks-sdk-java,UserRegHooksTest.complexError,flaky_fix_181_gpt35_labeled.csv,flakyfix_original,0,1.000000,True,1.000000,0.000055,0,1.000000,0.038587,6.964959
okta-hooks-sdk-java,UserRegHooksTest.errorWithDebugContext,flaky_fix_181_gpt35_labeled.csv,flakyfix_original,0,1.000000,True,1.000000,0.010113,0,1.000000,0.039402,2.963863
okta-hooks-sdk-java,UserRegHooksTest.updateProfile,flaky_fix_181_gpt35_labeled.csv,flakyfix_original,0,1.000000,True,1.000000,0.003688,0,1.000000,0.038430,4.003032
shenyu,ShenyuClientRegisterDivideServiceImplTest.testBuildHandle,flaky_fix_181_gpt35_labeled.csv,flakyfix_groundtruth_copy,1,NaN,True,1.000000,0.997744,1,1.000000,0.038122,22.222519
shenyu,ShenyuClientRegisterDubboServiceImplTest.testBuildHandle,flaky_fix_181_gpt35_labeled.csv,flakyfix_groundtruth_copy,1,NaN,True,1.000000,0.999921,1,1.000000,0.042485,23.762658
shenyu,ShenyuClientRegisterSofaServiceImplTest.testRuleHandler,flaky_fix_181_gpt35_labeled.csv,flakyfix_groundtruth_copy,1,NaN,True,1.000000,0.999997,1,1.000000,0.044080,2.433623
shenyu,ShenyuClientRegisterGrpcServiceImplTest.testBuildHandle,flaky_fix_181_gpt35_labeled.csv,flakyfix_groundtruth_copy,1,NaN,True,1.000000,0.999978,1,1.000000,0.041544,20.786085
shenyu,ShenyuClientRegisterSpringCloudServiceImplTest.testBuildHandle,flaky_fix_181_gpt35_labeled.csv,flakyfix_groundtruth_copy,1,NaN,True,1.000000,0.999619,1,1.000000,0.042274,23.647882
shenyu,ShenyuClientRegisterTarsServiceImplTest.testBuildHandle,flaky_fix_181_gpt35_labeled.csv,flakyfix_groundtruth_copy,1,NaN,True,1.000000,0.998051,1,1.000000,0.042322,21.462337
apollo,ReleaseControllerTest.testReleaseBuild,flaky_fix_181_gpt35_labeled.csv,flakyfix_groundtruth_copy,1,NaN,True,1.000000,0.990100,1,1.000000,0.043264,10.429578
apollo,JpaMapFieldJsonConverterTest.convertToDatabaseColumn_twoElement,flaky_fix_181_gpt35_labeled.csv,flakyfix_groundtruth_copy,1,NaN,True,1.000000,0.999977,1,1.000000,0.043529,3.295135
apollo,NamespaceBranchServiceTest.testUpdateBranchGrayRulesWithUpdateOnce,flaky_fix_181_gpt35_labeled.csv,flakyfix_groundtruth_copy,1,NaN,True,1.000000,0.016273,0,1.000000,0.043191,7.117911
apollo,NamespaceBranchServiceTest.testUpdateBranchGrayRulesWithUpdateTwice,flaky_fix_181_gpt35_labeled.csv,flakyfix_groundtruth_copy,1,NaN,True,1.000000,0.004850,0,1.000000,0.042573,10.712082
apollo,ReleaseMessageServiceWithCacheTest.testWhenReleaseMsgSizeBiggerThan500,flaky_fix_181_gpt35_labeled.csv,flakyfix_groundtruth_copy,1,NaN,True,1.000000,0.670864,1,1.000000,0.044185,9.298918
apollo,ReleaseMessageServiceWithCacheTest.testWhenHasReleaseMsgAndHasRepeatMsg,flaky_fix_181_gpt35_labeled.csv,flakyfix_groundtruth_copy,1,NaN,True,1.000000,0.021420,0,1.000000,0.044178,9.554834
okta-hooks-sdk-java,ImportHooksTest.createUserTest,flaky_fix_181_gpt35_labeled.csv,flakyfix_groundtruth_copy,1,NaN,True,1.000000,0.999997,1,1.000000,0.043648,2.810890
okta-hooks-sdk-java,ImportHooksTest.linkUserTest,flaky_fix_181_gpt35_labeled.csv,flakyfix_groundtruth_copy,1,NaN,True,1.000000,0.999995,1,1.000000,0.041610,3.906711
okta-hooks-sdk-java,ImportHooksTest.passwordImportVerifiedTest,flaky_fix_181_gpt35_labeled.csv,flakyfix_groundtruth_copy,1,NaN,True,1.000000,0.999997,1,1.000000,0.040691,2.931282
okta-hooks-sdk-java,ImportHooksTest.passwordImportUnverifiedTest,flaky_fix_181_gpt35_labeled.csv,flakyfix_groundtruth_copy,1,NaN,True,1.000000,0.999997,1,1.000000,0.040436,2.874975
okta-hooks-sdk-java,TokenHooksTest.addClaim,flaky_fix_181_gpt35_labeled.csv,flakyfix_groundtruth_copy,1,NaN,True,1.000000,0.999992,1,1.000000,0.040496,4.151305
okta-hooks-sdk-java,TokenHooksTest.addClaims,flaky_fix_181_gpt35_labeled.csv,flakyfix_groundtruth_copy,1,NaN,True,1.000000,0.999980,1,1.000000,0.040977,10.131676
okta-hooks-sdk-java,TokenHooksTest.removeClaims,flaky_fix_181_gpt35_labeled.csv,flakyfix_groundtruth_copy,1,NaN,True,1.000000,0.999982,1,1.000000,0.042199,5.834457
okta-hooks-sdk-java,TokenHooksTest.tokenExpiration,flaky_fix_181_gpt35_labeled.csv,flakyfix_groundtruth_copy,1,NaN,True,1.000000,0.999993,1,1.000000,0.041381,4.387671
okta-hooks-sdk-java,TokenHooksTest.replaceClaims,flaky_fix_181_gpt35_labeled.csv,flakyfix_groundtruth_copy,1,NaN,True,1.000000,0.999974,1,1.000000,0.040400,9.954258
okta-hooks-sdk-java,UserRegHooksTest.allow,flaky_fix_181_gpt35_labeled.csv,flakyfix_groundtruth_copy,1,NaN,True,1.000000,0.999997,1,1.000000,0.040421,3.321582
okta-hooks-sdk-java,UserRegHooksTest.complexError,flaky_fix_181_gpt35_labeled.csv,flakyfix_groundtruth_copy,1,NaN,True,1.000000,0.999982,1,1.000000,0.040694,6.964959
okta-hooks-sdk-java,UserRegHooksTest.deny,flaky_fix_181_gpt35_labeled.csv,flakyfix_groundtruth_copy,1,NaN,True,1.000000,0.999997,1,1.000000,0.041005,2.663928
okta-hooks-sdk-java,UserRegHooksTest.errorWithDebugContext,flaky_fix_181_gpt35_labeled.csv,flakyfix_groundtruth_copy,1,NaN,True,1.000000,0.999996,1,1.000000,0.039741,2.963863
okta-hooks-sdk-java,UserRegHooksTest.updateProfile,flaky_fix_181_gpt35_labeled.csv,flakyfix_groundtruth_copy,1,NaN,True,1.000000,0.999998,1,1.000000,0.038973,4.003032
